key,delay_nr,fields.resolutiondate,
MESOS-5263,1,2016-04-26 19:23:29+00:00,
MESOS-5164,1,2016-04-27 16:26:55+00:00,
MESOS-5142,1,2016-04-27 16:25:26+00:00,
MESOS-5130,1,2016-04-14 16:19:21+00:00,
MESOS-4978,1,2016-04-08 20:16:01+00:00,
MESOS-4962,1,2016-04-06 21:42:21+00:00,
MESOS-4951,1,2016-04-26 20:30:37+00:00,
MESOS-4939,1,2016-04-05 17:41:32+00:00,
MESOS-4937,1,2016-04-01 21:25:36+00:00,
MESOS-4932,1,2016-04-22 15:04:28+00:00,
MESOS-4928,1,2016-03-29 18:28:42+00:00,
MESOS-4926,1,2016-03-29 18:46:59+00:00,
MESOS-4922,1,2016-04-14 16:19:46+00:00,
MESOS-4910,1,2016-03-31 15:13:23+00:00,
MESOS-4909,1,2016-03-31 15:15:40+00:00,
MESOS-4902,1,2016-04-27 13:07:27+00:00,
MESOS-4881,1,2016-04-01 09:59:17+00:00,
MESOS-4865,1,2016-03-30 00:37:11+00:00,
MESOS-4864,1,2016-03-30 00:36:54+00:00,
MESOS-4863,1,2016-04-06 00:48:36+00:00,
MESOS-4861,1,2016-03-29 23:26:24+00:00,
MESOS-4860,1,2016-03-29 18:59:05+00:00,
MESOS-4850,1,2016-03-24 06:19:41+00:00,
MESOS-4849,1,2016-03-24 06:18:08+00:00,
MESOS-4821,1,2016-03-30 16:54:03+00:00,
MESOS-4820,1,2016-03-30 16:56:05+00:00,
MESOS-4818,1,2016-03-23 22:45:45+00:00,
MESOS-4803,1,2016-04-01 02:35:29+00:00,
MESOS-4802,1,2016-03-31 18:19:02+00:00,
MESOS-4764,1,2016-04-02 18:43:50+00:00,
MESOS-4763,1,2016-04-25 23:38:13+00:00,
MESOS-4762,1,2016-04-10 19:03:43+00:00,
MESOS-4761,1,2016-03-22 16:36:48+00:00,
MESOS-4759,1,2016-04-08 20:16:45+00:00,
MESOS-4748,1,2016-03-03 02:07:06+00:00,
MESOS-4723,1,2016-03-22 19:12:12+00:00,
MESOS-4722,1,2016-03-26 00:13:29+00:00,
MESOS-4721,1,2016-03-23 07:47:28+00:00,
MESOS-4720,1,2016-03-23 01:02:33+00:00,
MESOS-4691,1,2016-03-02 06:53:44+00:00,
MESOS-4684,1,2016-03-14 17:21:29+00:00,
MESOS-4683,1,2016-03-02 02:28:08+00:00,
MESOS-4678,1,2016-03-31 18:07:46+00:00,
MESOS-4634,1,2016-03-16 13:23:43+00:00,
MESOS-4633,1,2016-03-16 13:23:16+00:00,
MESOS-4625,1,2016-03-31 19:46:03+00:00,
MESOS-4623,1,2016-03-29 23:26:42+00:00,
MESOS-4619,1,2016-02-20 16:53:26+00:00,
MESOS-4584,1,2016-02-20 16:51:46+00:00,
MESOS-4582,1,2016-02-16 23:27:17+00:00,
MESOS-4576,1,2016-04-19 17:24:48+00:00,
MESOS-4573,1,2016-02-26 23:39:26+00:00,
MESOS-4564,1,2016-02-08 23:38:59+00:00,
MESOS-4531,1,2016-02-16 21:44:55+00:00,
MESOS-4499,1,2016-02-23 23:12:31+00:00,
MESOS-4479,1,2016-02-12 00:19:23+00:00,
MESOS-4439,1,2016-02-11 23:28:08+00:00,
MESOS-4435,1,2016-02-01 04:35:43+00:00,
MESOS-4421,1,2016-02-12 20:56:03+00:00,
MESOS-4415,1,2016-03-02 01:46:23+00:00,
MESOS-4383,1,2016-02-05 21:46:15+00:00,
MESOS-4382,1,2016-01-19 17:07:53+00:00,
MESOS-4381,1,2016-03-10 17:38:48+00:00,
MESOS-4377,1,2016-02-04 19:10:31+00:00,
MESOS-4360,1,2016-01-28 02:20:49+00:00,
MESOS-4357,1,2016-01-19 20:03:30+00:00,
MESOS-4349,1,2016-01-20 07:00:35+00:00,
MESOS-4345,1,2016-02-06 19:28:58+00:00,
MESOS-4344,1,2016-02-09 18:18:08+00:00,
MESOS-4333,1,2016-02-08 23:39:23+00:00,
MESOS-4316,1,2016-04-25 17:16:04+00:00,
MESOS-4304,1,2016-01-22 10:38:01+00:00,
MESOS-4301,1,2016-01-19 21:44:10+00:00,
MESOS-4291,1,2016-02-23 23:13:12+00:00,
MESOS-4285,1,2016-02-08 17:29:42+00:00,
MESOS-4281,1,2016-01-26 22:00:55+00:00,
MESOS-4262,1,2016-01-20 18:16:14+00:00,
MESOS-4261,1,2016-02-23 23:12:48+00:00,
MESOS-4241,1,2016-01-07 17:00:42+00:00,
MESOS-4225,1,2016-01-28 21:48:46+00:00,
MESOS-4222,1,2016-01-07 16:54:27+00:00,
MESOS-4214,1,2016-03-14 11:23:51+00:00,
MESOS-4206,1,2016-01-25 04:17:42+00:00,
MESOS-4200,1,2016-02-19 09:19:19+00:00,
MESOS-4191,1,2016-01-20 00:13:53+00:00,
MESOS-4177,1,2016-01-06 01:10:06+00:00,
MESOS-4150,1,2016-01-25 04:17:25+00:00,
MESOS-4137,1,2015-12-29 23:55:01+00:00,
MESOS-4136,1,2016-01-25 04:16:56+00:00,
MESOS-4114,1,2016-01-06 22:49:05+00:00,
MESOS-4102,1,2016-01-19 23:10:43+00:00,
MESOS-4088,1,2015-12-29 23:16:09+00:00,
MESOS-4087,1,2015-12-29 19:22:33+00:00,
MESOS-4047,1,2016-03-04 00:12:47+00:00,
MESOS-4046,1,2015-12-21 17:29:18+00:00,
MESOS-4029,1,2016-03-04 00:11:49+00:00,
MESOS-4026,1,2015-12-18 17:41:20+00:00,
MESOS-4005,1,2016-02-05 21:45:36+00:00,
MESOS-4004,1,2016-02-05 21:43:29+00:00,
MESOS-4003,1,2015-12-11 18:49:31+00:00,
MESOS-3945,1,2016-03-09 08:58:36+00:00,
MESOS-3943,1,2016-02-19 09:18:44+00:00,
MESOS-3936,1,2016-01-19 15:57:31+00:00,
MESOS-3928,1,2016-01-13 23:09:32+00:00,
MESOS-3925,1,2016-01-04 19:16:31+00:00,
MESOS-3912,1,2015-11-25 23:37:16+00:00,
MESOS-3911,1,2015-11-25 21:19:36+00:00,
MESOS-3899,1,2015-11-25 08:54:14+00:00,
MESOS-3877,1,2016-01-08 13:10:45+00:00,
MESOS-3868,1,2015-12-12 19:00:01+00:00,
MESOS-3862,1,2015-12-18 20:09:36+00:00,
MESOS-3861,1,2015-12-10 19:53:56+00:00,
MESOS-3859,1,2015-12-12 18:59:35+00:00,
MESOS-3857,1,2015-12-07 13:20:50+00:00,
MESOS-3856,1,2015-12-04 12:22:15+00:00,
MESOS-3854,1,2016-03-04 20:09:03+00:00,
MESOS-3851,1,2015-12-30 22:28:09+00:00,
MESOS-3849,1,2015-11-07 12:53:36+00:00,
MESOS-3847,1,2015-11-07 00:47:31+00:00,
MESOS-3839,1,2015-12-04 12:22:04+00:00,
MESOS-3837,1,2015-11-06 23:49:38+00:00,
MESOS-3831,1,2016-02-08 17:08:26+00:00,
MESOS-3819,1,2015-11-06 18:18:02+00:00,
MESOS-3800,1,2015-10-26 20:12:05+00:00,
MESOS-3785,1,2015-12-04 12:21:44+00:00,
MESOS-3773,1,2015-12-18 23:17:07+00:00,
MESOS-3771,1,2015-11-05 00:44:13+00:00,
MESOS-3763,1,2016-02-10 09:08:20+00:00,
MESOS-3762,1,2015-10-28 20:30:44+00:00,
MESOS-3758,1,2015-12-17 23:12:21+00:00,
MESOS-3732,1,2015-11-25 13:37:47+00:00,
MESOS-3723,1,2015-11-09 18:57:03+00:00,
MESOS-3722,1,2015-11-09 18:51:02+00:00,
MESOS-3718,1,2015-12-03 19:34:36+00:00,
MESOS-3716,1,2015-11-09 17:35:34+00:00,
MESOS-3705,1,2015-11-12 12:36:28+00:00,
MESOS-3595,1,2016-01-26 09:03:11+00:00,
MESOS-3586,1,2015-12-09 11:00:22+00:00,
MESOS-3581,1,2015-12-03 18:44:09+00:00,
MESOS-3571,1,2015-11-09 21:05:37+00:00,
MESOS-3570,1,2016-02-28 18:01:11+00:00,
MESOS-3563,1,2015-10-16 19:34:59+00:00,
MESOS-3560,1,2015-10-13 09:15:17+00:00,
MESOS-3554,1,2015-11-09 13:16:59+00:00,
MESOS-3550,1,2016-01-26 23:25:55+00:00,
MESOS-3519,1,2015-10-12 20:46:46+00:00,
MESOS-3515,1,2015-12-04 23:28:46+00:00,
MESOS-3506,1,2015-11-03 05:12:58+00:00,
MESOS-3497,1,2015-12-15 00:55:38+00:00,
MESOS-3496,1,2015-12-17 23:55:06+00:00,
MESOS-3480,1,2015-10-23 17:14:15+00:00,
MESOS-3476,1,2015-11-24 00:13:56+00:00,
MESOS-3468,1,2015-11-09 15:14:41+00:00,
MESOS-3428,1,2015-11-06 02:28:13+00:00,
MESOS-3413,1,2016-02-18 22:03:23+00:00,
MESOS-3378,1,2015-10-20 10:18:39+00:00,
MESOS-3375,1,2015-09-16 21:09:18+00:00,
MESOS-3365,1,2016-02-18 17:28:23+00:00,
MESOS-3357,1,2015-09-29 05:51:06+00:00,
MESOS-3356,1,2015-12-07 19:32:11+00:00,
MESOS-3346,1,2015-09-20 18:40:59+00:00,
MESOS-3345,1,2015-09-16 21:58:21+00:00,
MESOS-3339,1,2016-02-28 17:58:14+00:00,
MESOS-3332,1,2015-10-06 00:13:11+00:00,
MESOS-3319,1,2016-04-26 20:30:57+00:00,
MESOS-3312,1,2015-09-15 08:29:51+00:00,
MESOS-3310,1,2015-08-26 21:27:51+00:00,
MESOS-3304,1,2015-09-04 19:16:05+00:00,
MESOS-3297,1,2015-08-22 00:18:01+00:00,
MESOS-3296,1,2015-11-19 01:55:50+00:00,
MESOS-3295,1,2015-09-14 16:24:33+00:00,
MESOS-3294,1,2015-08-28 00:11:19+00:00,
MESOS-3293,1,2015-11-05 00:05:04+00:00,
MESOS-3290,1,2015-08-18 19:12:09+00:00,
MESOS-3289,1,2015-09-25 16:40:04+00:00,
MESOS-3284,1,2015-08-18 00:17:17+00:00,
MESOS-3281,1,2015-08-18 04:51:33+00:00,
MESOS-3266,1,2015-09-14 18:06:30+00:00,
MESOS-3265,1,2015-09-14 18:06:13+00:00,
MESOS-3254,1,2015-09-14 18:34:16+00:00,
MESOS-3251,1,2015-08-18 16:41:46+00:00,
MESOS-3227,1,2016-01-07 18:03:09+00:00,
MESOS-3223,1,2015-09-10 20:06:06+00:00,
MESOS-3222,1,2015-09-25 16:39:43+00:00,
MESOS-3201,1,2015-08-17 23:19:14+00:00,
MESOS-3199,1,2015-11-23 09:24:47+00:00,
MESOS-3182,1,2015-08-04 17:55:22+00:00,
MESOS-3179,1,2015-08-08 00:14:41+00:00,
MESOS-3178,1,2015-08-03 18:01:42+00:00,
MESOS-3167,1,2015-08-10 19:54:18+00:00,
MESOS-3166,1,2015-08-17 17:53:05+00:00,
MESOS-3164,1,2015-10-02 13:12:53+00:00,
MESOS-3158,1,2015-09-28 00:42:22+00:00,
MESOS-3152,1,2015-08-14 11:04:16+00:00,
MESOS-3140,1,2015-11-19 20:51:52+00:00,
MESOS-3099,1,2015-10-16 12:18:16+00:00,
MESOS-3095,1,2015-08-06 20:01:29+00:00,
MESOS-3082,1,2016-01-18 23:42:00+00:00,
MESOS-3079,1,2015-08-03 21:30:28+00:00,
MESOS-3074,1,2015-11-16 16:26:37+00:00,
MESOS-3073,1,2016-01-15 23:28:38+00:00,
MESOS-3069,1,2015-08-31 17:27:51+00:00,
MESOS-3066,1,2015-08-31 17:22:29+00:00,
MESOS-3065,1,2015-12-19 01:36:06+00:00,
MESOS-3064,1,2015-12-07 18:59:56+00:00,
MESOS-3062,1,2015-12-04 00:53:08+00:00,
MESOS-3051,1,2015-09-24 18:05:33+00:00,
MESOS-3050,1,2015-08-20 17:59:08+00:00,
MESOS-3043,1,2015-09-14 18:05:54+00:00,
MESOS-3042,1,2015-09-14 18:04:42+00:00,
MESOS-3038,1,2015-09-14 18:05:25+00:00,
MESOS-3037,1,2015-09-18 23:18:12+00:00,
MESOS-3032,1,2015-12-18 01:38:56+00:00,
MESOS-3024,1,2016-01-08 03:26:06+00:00,
MESOS-3021,1,2015-09-25 16:34:26+00:00,
MESOS-3015,1,2015-09-23 22:39:09+00:00,
MESOS-3009,1,2015-07-20 17:56:32+00:00,
MESOS-3004,1,2015-08-07 01:40:02+00:00,
MESOS-2986,1,2015-07-06 18:58:41+00:00,
MESOS-2973,1,2015-07-24 01:10:13+00:00,
MESOS-2972,1,2015-10-16 12:17:36+00:00,
MESOS-2968,1,2015-09-03 01:31:56+00:00,
MESOS-2963,1,2015-07-31 22:50:32+00:00,
MESOS-2962,1,2015-07-21 20:00:03+00:00,
MESOS-2961,1,2015-07-15 01:00:24+00:00,
MESOS-2958,1,2015-07-13 18:41:12+00:00,
MESOS-2957,1,2015-07-06 18:58:12+00:00,
MESOS-2956,1,2015-07-06 18:29:30+00:00,
MESOS-2951,1,2015-07-15 00:59:34+00:00,
MESOS-2949,1,2015-11-09 09:35:21+00:00,
MESOS-2947,1,2015-08-13 23:48:34+00:00,
MESOS-2946,1,2015-08-13 23:49:37+00:00,
MESOS-2942,1,2015-07-06 18:57:38+00:00,
MESOS-2940,1,2015-07-24 01:12:43+00:00,
MESOS-2939,1,2015-07-22 07:24:30+00:00,
MESOS-2937,1,2015-09-02 12:52:01+00:00,
MESOS-2928,1,2015-07-24 01:12:58+00:00,
MESOS-2913,1,2015-07-20 19:29:48+00:00,
MESOS-2911,1,2015-07-21 00:42:59+00:00,
MESOS-2910,1,2015-07-17 21:03:49+00:00,
MESOS-2909,1,2015-07-17 23:10:08+00:00,
MESOS-2906,1,2015-10-27 19:31:10+00:00,
MESOS-2890,1,2015-07-06 18:56:54+00:00,
MESOS-2889,1,2015-07-06 18:56:26+00:00,
MESOS-2888,1,2015-07-06 18:54:16+00:00,
MESOS-2879,1,2015-10-01 19:46:09+00:00,
MESOS-2860,1,2015-08-12 17:31:41+00:00,
MESOS-2857,1,2016-01-04 08:44:50+00:00,
MESOS-2850,1,2015-09-25 16:37:08+00:00,
MESOS-2849,1,2015-09-25 16:35:20+00:00,
MESOS-2848,1,2015-07-20 17:35:46+00:00,
MESOS-2834,1,2015-09-21 16:45:10+00:00,
MESOS-2818,1,2015-06-11 18:38:02+00:00,
MESOS-2817,1,2015-06-08 18:23:05+00:00,
MESOS-2807,1,2015-06-19 18:26:11+00:00,
MESOS-2805,1,2015-06-19 18:17:07+00:00,
MESOS-2801,1,2015-06-19 18:54:29+00:00,
MESOS-2798,1,2015-08-11 18:21:22+00:00,
MESOS-2795,1,2015-07-28 18:42:15+00:00,
MESOS-2794,1,2015-08-13 00:30:06+00:00,
MESOS-2791,1,2015-06-11 18:38:26+00:00,
MESOS-2784,1,2015-07-24 01:13:33+00:00,
MESOS-2783,1,2015-11-10 10:16:47+00:00,
MESOS-2757,1,2015-08-25 20:09:32+00:00,
MESOS-2753,1,2015-06-11 00:29:27+00:00,
MESOS-2742,1,2016-02-12 11:51:06+00:00,
MESOS-2709,1,2015-06-03 19:04:42+00:00,
MESOS-2708,1,2015-11-02 08:10:44+00:00,
MESOS-2697,1,2015-05-11 23:39:37+00:00,
MESOS-2696,1,2015-08-17 18:33:44+00:00,
MESOS-2693,1,2015-06-01 23:30:19+00:00,
MESOS-2691,1,2015-05-16 00:15:23+00:00,
MESOS-2689,1,2015-05-14 02:21:46+00:00,
MESOS-2665,1,2015-06-04 00:40:34+00:00,
MESOS-2652,1,2015-05-29 21:35:33+00:00,
MESOS-2651,1,2015-06-05 00:10:04+00:00,
MESOS-2650,1,2015-06-05 17:23:32+00:00,
MESOS-2649,1,2015-05-22 21:38:40+00:00,
MESOS-2631,1,2015-06-05 07:46:16+00:00,
MESOS-2630,1,2015-06-05 07:46:50+00:00,
MESOS-2629,1,2015-06-02 10:28:21+00:00,
MESOS-2615,1,2015-06-05 22:52:49+00:00,
MESOS-2613,1,2015-10-13 07:47:06+00:00,
MESOS-2607,1,2015-06-05 20:53:26+00:00,
MESOS-2600,1,2015-09-09 23:14:27+00:00,
MESOS-2596,1,2015-05-29 16:51:32+00:00,
MESOS-2591,1,2015-05-11 18:15:51+00:00,
MESOS-2582,1,2015-07-24 10:22:57+00:00,
MESOS-2581,1,2015-04-23 23:09:23+00:00,
MESOS-2579,1,2015-05-12 21:52:58+00:00,
MESOS-2573,1,2015-04-10 22:37:08+00:00,
MESOS-2562,1,2015-09-05 00:09:38+00:00,
MESOS-2551,1,2015-07-13 18:41:11+00:00,
MESOS-2519,1,2015-06-15 22:44:27+00:00,
MESOS-2500,1,2015-06-16 09:17:36+00:00,
MESOS-2497,1,2015-08-13 19:09:42+00:00,
MESOS-2491,1,2015-05-13 21:09:22+00:00,
MESOS-2489,1,2015-05-12 20:40:40+00:00,
MESOS-2485,1,2015-05-14 00:01:31+00:00,
MESOS-2476,1,2015-05-12 20:41:18+00:00,
MESOS-2475,1,2015-05-12 20:41:07+00:00,
MESOS-2467,1,2015-11-09 18:29:52+00:00,
MESOS-2466,1,2015-09-04 17:03:42+00:00,
MESOS-2455,1,2015-11-27 01:49:18+00:00,
MESOS-2438,1,2015-03-31 00:15:12+00:00,
MESOS-2422,1,2015-06-02 04:19:16+00:00,
MESOS-2408,1,2016-03-28 20:01:08+00:00,
MESOS-2404,1,2015-04-10 21:57:29+00:00,
MESOS-2402,1,2015-07-13 18:41:11+00:00,
MESOS-2373,1,2015-05-13 23:03:56+00:00,
MESOS-2372,1,2016-03-21 23:01:42+00:00,
MESOS-2367,1,2015-04-24 23:38:08+00:00,
MESOS-2353,1,2016-01-15 18:16:22+00:00,
MESOS-2350,1,2015-07-08 21:21:57+00:00,
MESOS-2340,1,2015-06-19 18:39:44+00:00,
MESOS-2337,1,2015-08-05 15:59:28+00:00,
MESOS-2335,1,2015-03-06 16:43:16+00:00,
MESOS-2332,1,2015-06-18 00:18:19+00:00,
MESOS-2294,1,2015-08-07 07:18:25+00:00,
MESOS-2293,1,2015-08-14 16:13:39+00:00,
MESOS-2289,1,2015-03-16 17:07:55+00:00,
MESOS-2275,1,2015-11-23 21:04:12+00:00,
MESOS-2273,1,2015-10-17 20:33:04+00:00,
MESOS-2233,1,2015-04-16 15:49:45+00:00,
MESOS-2228,1,2015-02-14 02:09:02+00:00,
MESOS-2226,1,2015-07-06 16:09:38+00:00,
MESOS-2215,1,2015-05-25 21:44:18+00:00,
MESOS-2210,1,2016-01-14 10:00:56+00:00,
MESOS-2205,1,2015-07-24 01:15:28+00:00,
MESOS-2173,1,2014-12-30 14:17:18+00:00,
MESOS-2172,1,2014-12-30 14:16:38+00:00,
MESOS-2147,1,2014-12-06 17:44:54+00:00,
MESOS-2144,1,2016-01-14 21:42:52+00:00,
MESOS-2139,1,2015-05-12 20:41:36+00:00,
MESOS-2136,1,2015-03-27 20:02:29+00:00,
MESOS-2123,1,2015-07-24 01:15:55+00:00,
MESOS-2110,1,2015-07-06 18:55:39+00:00,
MESOS-2108,1,2015-06-18 19:48:50+00:00,
MESOS-2104,1,2015-06-21 03:06:48+00:00,
MESOS-2103,1,2015-03-16 20:03:48+00:00,
MESOS-2100,1,2015-02-09 19:40:26+00:00,
MESOS-2099,1,2014-12-18 00:58:02+00:00,
MESOS-2085,1,2015-07-06 18:54:57+00:00,
MESOS-2083,1,2015-09-20 19:31:31+00:00,
MESOS-2074,1,2015-06-01 13:49:52+00:00,
MESOS-2072,1,2015-06-01 13:51:05+00:00,
MESOS-2070,1,2015-06-01 13:52:28+00:00,
MESOS-2069,1,2015-06-01 13:50:47+00:00,
MESOS-2067,1,2015-08-31 17:27:47+00:00,
MESOS-2066,1,2015-08-31 17:21:31+00:00,
MESOS-2062,1,2015-09-14 18:05:04+00:00,
MESOS-2061,1,2015-08-31 17:21:08+00:00,
MESOS-2058,1,2015-03-03 20:27:35+00:00,
MESOS-2057,1,2015-06-01 13:50:17+00:00,
MESOS-2056,1,2014-11-18 13:56:43+00:00,
MESOS-2051,1,2014-11-19 19:52:35+00:00,
MESOS-2035,1,2015-10-13 00:14:41+00:00,
MESOS-2031,1,2015-02-26 00:40:26+00:00,
MESOS-2030,1,2015-01-25 10:53:10+00:00,
MESOS-2029,1,2014-11-22 01:22:31+00:00,
MESOS-2017,1,2016-02-10 19:35:15+00:00,
MESOS-1974,1,2014-11-19 08:56:44+00:00,
MESOS-1964,1,2014-11-18 19:53:27+00:00,
MESOS-1913,1,2015-06-18 19:49:27+00:00,
MESOS-1903,1,2014-11-07 02:19:54+00:00,
MESOS-1875,1,2014-10-31 20:07:33+00:00,
MESOS-1863,1,2014-10-06 19:03:44+00:00,
MESOS-1853,1,2014-10-27 17:39:10+00:00,
MESOS-1830,1,2015-02-10 23:23:06+00:00,
MESOS-1817,1,2014-10-21 22:49:44+00:00,
MESOS-1811,1,2014-09-25 20:55:57+00:00,
MESOS-1799,1,2014-10-21 22:49:27+00:00,
MESOS-1777,1,2014-10-20 17:58:19+00:00,
MESOS-1765,1,2014-10-28 19:24:26+00:00,
MESOS-1752,1,2014-09-17 20:47:43+00:00,
MESOS-1748,1,2014-11-05 19:49:58+00:00,
MESOS-1728,1,2014-09-10 21:59:51+00:00,
MESOS-1715,1,2014-09-10 18:27:13+00:00,
MESOS-1705,1,2014-08-27 23:18:38+00:00,
MESOS-1698,1,2014-09-04 21:23:13+00:00,
MESOS-1696,1,2014-10-09 01:32:47+00:00,
MESOS-1690,1,2015-02-24 20:44:16+00:00,
MESOS-1668,1,2014-09-25 20:56:28+00:00,
MESOS-1645,1,2014-08-27 22:20:19+00:00,
MESOS-1627,1,2014-08-04 22:00:12+00:00,
MESOS-1620,1,2014-08-13 19:10:02+00:00,
MESOS-1592,1,2014-09-13 00:05:28+00:00,
MESOS-1586,1,2014-10-27 17:39:46+00:00,
MESOS-1578,1,2014-08-07 07:20:43+00:00,
MESOS-1571,1,2016-03-24 17:37:42+00:00,
MESOS-1567,1,2014-08-26 00:54:20+00:00,
MESOS-1559,1,2014-08-07 22:59:20+00:00,
MESOS-1529,1,2014-08-04 22:04:58+00:00,
MESOS-1527,1,2014-08-14 00:57:54+00:00,
MESOS-1518,1,2014-08-20 21:41:40+00:00,
MESOS-1472,1,2014-06-12 19:28:37+00:00,
MESOS-1471,1,2016-02-18 19:28:04+00:00,
MESOS-1469,1,2016-01-29 22:08:41+00:00,
MESOS-1445,1,2014-06-23 18:31:49+00:00,
MESOS-1444,1,2014-06-17 21:26:37+00:00,
MESOS-1443,1,2014-06-17 21:25:09+00:00,
MESOS-1424,1,2015-04-07 17:30:40+00:00,
MESOS-1398,1,2014-06-13 22:35:03+00:00,
MESOS-1396,1,2014-06-13 22:33:59+00:00,
MESOS-1395,1,2014-06-13 22:34:55+00:00,
MESOS-1394,1,2014-06-26 00:15:31+00:00,
MESOS-1393,1,2014-06-13 22:34:18+00:00,
MESOS-1374,1,2014-06-17 22:21:36+00:00,
MESOS-1365,1,2016-01-29 22:36:14+00:00,
MESOS-1339,1,2014-06-17 21:24:02+00:00,
MESOS-1316,1,2014-11-08 03:29:23+00:00,
MESOS-1307,1,2014-06-10 23:36:13+00:00,
MESOS-1219,1,2014-08-19 01:54:12+00:00,
MESOS-1148,1,2015-02-05 00:28:57+00:00,
MESOS-1127,1,2015-04-25 21:43:45+00:00,
MESOS-1119,1,2014-08-08 06:33:33+00:00,
MESOS-1114,1,2014-06-10 23:35:14+00:00,
MESOS-1081,1,2014-09-25 20:55:34+00:00,
MESOS-1010,1,2015-08-20 01:38:15+00:00,
MESOS-998,1,2015-02-18 21:29:56+00:00,
MESOS-786,1,2015-07-07 19:35:39+00:00,
MESOS-708,1,2015-07-09 15:42:44+00:00,
MESOS-598,1,2015-04-07 17:50:44+00:00,
MESOS-313,1,2016-01-07 18:47:24+00:00,
