key,bugnr,fields.created,
TIMOB-23239,1,2016-04-19T20:50:07.000+0000,
TIMOB-23235,1,2016-04-19T14:49:22.000+0000,
TIMOB-23222,1,2016-03-31T06:46:21.000+0000,
TIMOB-23219,1,2016-04-15T13:44:26.000+0000,
TIMOB-23217,1,2016-04-14T18:24:54.000+0000,
TIMOB-23214,1,2016-04-14T15:42:18.000+0000,
TIMOB-23198,1,2016-04-12T15:25:30.000+0000,
TIMOB-23195,1,2016-04-12T16:48:02.000+0000,
TIMOB-23192,1,2016-04-12T04:11:02.000+0000,
TIMOB-23191,1,2016-04-11T21:00:51.000+0000,
TIMOB-23181,1,2016-04-09T00:00:48.000+0000,
TIMOB-23179,1,2016-04-08T18:00:46.000+0000,
TIMOB-23175,1,2016-04-08T14:12:07.000+0000,
TIMOB-23174,1,2016-04-08T14:02:57.000+0000,
TIMOB-23172,1,2016-04-08T06:36:32.000+0000,
TIMOB-23171,1,2016-04-08T00:18:29.000+0000,
TIMOB-23170,1,2016-04-07T23:52:58.000+0000,
TIMOB-23169,1,2016-04-07T22:47:43.000+0000,
TIMOB-23165,1,2016-04-07T09:41:28.000+0000,
TIMOB-23160,1,2016-04-01T05:16:28.000+0000,
TIMOB-23158,1,2016-04-06T09:32:33.000+0000,
TIMOB-23150,1,2016-04-04T08:11:34.000+0000,
TIMOB-23146,1,2016-04-05T09:16:01.000+0000,
TIMOB-23141,1,2016-04-02T18:53:56.000+0000,
TIMOB-23134,1,2016-04-01T14:49:43.000+0000,
TIMOB-23132,1,2016-04-01T16:11:41.000+0000,
TIMOB-23130,1,2016-03-31T19:24:01.000+0000,
TIMOB-23127,1,2016-03-31T07:53:08.000+0000,
TIMOB-23125,1,2016-03-24T14:24:04.000+0000,
TIMOB-23124,1,2016-03-30T13:25:16.000+0000,
TIMOB-20627,1,2016-03-25T09:22:48.000+0000,
TIMOB-20621,1,2016-03-24T00:09:06.000+0000,
TIMOB-20620,1,2016-03-21T21:23:04.000+0000,
TIMOB-20619,1,2016-03-22T11:15:22.000+0000,
TIMOB-20612,1,2016-03-22T05:37:32.000+0000,
TIMOB-20609,1,2016-03-20T09:01:29.000+0000,
TIMOB-20605,1,2016-03-18T14:42:39.000+0000,
TIMOB-20602,1,2016-03-20T15:26:24.000+0000,
TIMOB-20601,1,2016-03-16T11:21:45.000+0000,
TIMOB-20600,1,2016-03-18T13:25:57.000+0000,
TIMOB-20599,1,2016-03-16T11:44:43.000+0000,
TIMOB-20598,1,2016-02-22T14:10:09.000+0000,
TIMOB-20588,1,2016-03-17T21:58:53.000+0000,
TIMOB-20583,1,2016-03-14T08:04:16.000+0000,
TIMOB-20581,1,2016-03-14T11:08:39.000+0000,
TIMOB-20580,1,2016-03-03T07:15:43.000+0000,
TIMOB-20577,1,2016-03-09T16:54:52.000+0000,
TIMOB-20575,1,2016-03-15T17:52:52.000+0000,
TIMOB-20572,1,2016-03-16T02:25:40.000+0000,
TIMOB-20569,1,2016-02-29T18:02:32.000+0000,
TIMOB-20566,1,2016-03-14T21:35:17.000+0000,
TIMOB-20564,1,2016-03-13T08:55:03.000+0000,
TIMOB-20550,1,2016-03-11T03:30:51.000+0000,
TIMOB-20548,1,2016-03-10T22:24:09.000+0000,
TIMOB-20537,1,2016-02-29T23:16:20.000+0000,
TIMOB-20534,1,2016-03-08T23:14:24.000+0000,
TIMOB-20526,1,2016-03-07T20:54:58.000+0000,
TIMOB-20519,1,2016-03-04T22:10:57.000+0000,
TIMOB-20511,1,2016-02-29T00:52:08.000+0000,
TIMOB-20495,1,2016-03-01T23:41:32.000+0000,
TIMOB-20494,1,2016-03-01T17:32:04.000+0000,
TIMOB-20493,1,2016-02-18T09:00:23.000+0000,
TIMOB-20481,1,2016-02-29T06:53:02.000+0000,
TIMOB-20480,1,2016-02-29T06:50:21.000+0000,
TIMOB-20478,1,2016-02-29T06:46:34.000+0000,
TIMOB-20470,1,2016-02-24T22:13:19.000+0000,
TIMOB-20461,1,2016-02-25T11:21:48.000+0000,
TIMOB-20460,1,2016-02-25T10:12:53.000+0000,
TIMOB-20457,1,2016-02-24T18:31:15.000+0000,
TIMOB-20453,1,2016-02-24T12:51:27.000+0000,
TIMOB-20443,1,2016-01-04T03:28:31.000+0000,
TIMOB-20438,1,2016-02-19T16:20:36.000+0000,
TIMOB-20434,1,2016-02-20T00:56:34.000+0000,
TIMOB-20423,1,2016-02-18T03:14:17.000+0000,
TIMOB-20418,1,2016-02-17T12:50:43.000+0000,
TIMOB-20405,1,2016-02-15T14:12:17.000+0000,
TIMOB-20400,1,2016-02-15T09:05:09.000+0000,
TIMOB-20396,1,2016-02-13T13:21:32.000+0000,
TIMOB-20393,1,2016-02-12T14:16:03.000+0000,
TIMOB-20389,1,2016-02-07T20:31:40.000+0000,
TIMOB-20386,1,2016-02-10T23:46:24.000+0000,
TIMOB-20385,1,2016-02-10T23:08:12.000+0000,
TIMOB-20382,1,2016-02-10T22:44:57.000+0000,
TIMOB-20376,1,2015-12-17T14:52:50.000+0000,
TIMOB-20374,1,2016-02-09T06:58:15.000+0000,
TIMOB-20370,1,2016-02-08T16:30:47.000+0000,
TIMOB-20299,1,2016-02-01T21:59:53.000+0000,
TIMOB-20289,1,2016-01-29T04:20:06.000+0000,
TIMOB-20288,1,2016-01-29T02:00:20.000+0000,
TIMOB-20285,1,2015-07-31T19:57:46.000+0000,
TIMOB-20284,1,2016-01-27T10:59:11.000+0000,
TIMOB-20283,1,2016-01-26T14:37:09.000+0000,
TIMOB-20282,1,2016-01-28T05:16:52.000+0000,
TIMOB-20275,1,2016-01-26T21:48:52.000+0000,
TIMOB-20274,1,2016-01-26T21:39:19.000+0000,
TIMOB-20252,1,2016-01-19T23:30:58.000+0000,
TIMOB-20251,1,2016-01-19T22:53:16.000+0000,
TIMOB-20246,1,2016-01-17T21:06:03.000+0000,
TIMOB-20240,1,2016-01-15T02:18:55.000+0000,
TIMOB-20238,1,2016-01-14T12:39:28.000+0000,
TIMOB-20236,1,2016-01-12T11:39:57.000+0000,
TIMOB-20234,1,2016-01-14T02:23:04.000+0000,
TIMOB-20233,1,2016-01-13T22:44:56.000+0000,
TIMOB-20232,1,2016-01-13T22:03:50.000+0000,
TIMOB-20229,1,2016-01-13T09:10:42.000+0000,
TIMOB-20222,1,2016-01-11T12:18:28.000+0000,
TIMOB-20220,1,2016-01-11T22:03:14.000+0000,
TIMOB-20219,1,2016-01-07T20:31:03.000+0000,
TIMOB-20217,1,2016-01-09T01:36:09.000+0000,
TIMOB-20213,1,2016-01-08T01:25:00.000+0000,
TIMOB-20212,1,2016-01-07T18:46:17.000+0000,
TIMOB-20211,1,2016-01-05T08:20:15.000+0000,
TIMOB-20210,1,2016-01-01T17:15:31.000+0000,
TIMOB-20199,1,2016-01-06T00:10:56.000+0000,
TIMOB-20197,1,2016-01-05T08:28:48.000+0000,
TIMOB-20195,1,2016-01-05T02:45:22.000+0000,
TIMOB-20192,1,2015-12-22T08:30:22.000+0000,
TIMOB-20191,1,2016-01-04T13:55:04.000+0000,
TIMOB-20190,1,2016-01-04T13:43:01.000+0000,
TIMOB-20183,1,2015-12-29T03:52:08.000+0000,
TIMOB-20173,1,2015-12-23T00:15:38.000+0000,
TIMOB-20172,1,2015-12-22T20:23:21.000+0000,
TIMOB-20171,1,2015-12-22T17:37:00.000+0000,
TIMOB-20167,1,2015-12-22T07:52:07.000+0000,
TIMOB-20166,1,2015-12-22T07:41:08.000+0000,
TIMOB-20161,1,2015-12-21T20:11:07.000+0000,
TIMOB-20155,1,2015-12-19T01:05:46.000+0000,
TIMOB-20152,1,2015-12-17T01:33:18.000+0000,
TIMOB-20146,1,2015-12-15T03:48:37.000+0000,
TIMOB-20143,1,2015-12-09T12:16:34.000+0000,
TIMOB-20140,1,2015-10-26T16:15:59.000+0000,
TIMOB-20139,1,2015-12-14T12:56:51.000+0000,
TIMOB-20138,1,2015-12-04T12:18:10.000+0000,
TIMOB-20136,1,2015-12-10T08:30:42.000+0000,
TIMOB-20130,1,2015-12-11T11:17:25.000+0000,
TIMOB-20118,1,2015-12-08T21:03:25.000+0000,
TIMOB-20116,1,2015-10-06T19:23:15.000+0000,
TIMOB-20115,1,2015-10-22T12:02:38.000+0000,
TIMOB-20113,1,2015-11-22T08:32:48.000+0000,
TIMOB-20111,1,2015-11-30T16:00:38.000+0000,
TIMOB-20110,1,2015-12-07T10:27:20.000+0000,
TIMOB-20100,1,2015-12-04T20:08:18.000+0000,
TIMOB-20097,1,2015-12-03T15:10:24.000+0000,
TIMOB-20095,1,2015-12-03T14:20:44.000+0000,
TIMOB-20090,1,2015-12-03T02:14:33.000+0000,
TIMOB-20089,1,2015-12-02T11:36:19.000+0000,
TIMOB-20087,1,2015-12-02T15:08:09.000+0000,
TIMOB-20078,1,2015-11-30T14:17:21.000+0000,
TIMOB-20072,1,2015-11-28T06:45:46.000+0000,
TIMOB-20054,1,2015-11-23T21:52:28.000+0000,
TIMOB-20048,1,2015-11-23T15:05:10.000+0000,
TIMOB-20041,1,2015-10-15T11:58:31.000+0000,
TIMOB-20038,1,2015-10-07T14:33:08.000+0000,
TIMOB-20036,1,2015-10-15T15:37:30.000+0000,
TIMOB-20035,1,2015-08-04T09:42:59.000+0000,
TIMOB-20030,1,2015-07-22T13:39:29.000+0000,
TIMOB-20028,1,2015-11-21T10:49:02.000+0000,
TIMOB-20018,1,2015-11-18T17:03:53.000+0000,
TIMOB-20014,1,2015-11-18T23:30:54.000+0000,
TIMOB-20013,1,2015-11-18T20:11:58.000+0000,
TIMOB-20010,1,2015-11-17T19:57:24.000+0000,
TIMOB-20004,1,2015-11-17T14:24:13.000+0000,
TIMOB-20003,1,2015-11-17T13:34:54.000+0000,
TIMOB-20002,1,2015-11-17T11:10:49.000+0000,
TIMOB-19981,1,2015-01-08T22:21:19.000+0000,
TIMOB-19974,1,2015-11-13T16:44:01.000+0000,
TIMOB-19970,1,2015-11-13T10:49:25.000+0000,
TIMOB-19969,1,2015-11-13T10:15:33.000+0000,
TIMOB-19968,1,2015-11-13T10:05:20.000+0000,
TIMOB-19967,1,2015-11-13T09:49:55.000+0000,
TIMOB-19964,1,2015-11-13T08:51:49.000+0000,
TIMOB-19963,1,2015-11-13T08:46:19.000+0000,
TIMOB-19960,1,2015-11-13T08:22:43.000+0000,
TIMOB-19959,1,2015-11-13T07:04:11.000+0000,
TIMOB-19958,1,2015-11-13T07:01:15.000+0000,
TIMOB-19957,1,2015-11-13T06:46:54.000+0000,
TIMOB-19955,1,2015-11-13T06:06:16.000+0000,
TIMOB-19954,1,2015-11-13T05:55:20.000+0000,
TIMOB-19953,1,2015-11-13T05:38:57.000+0000,
TIMOB-19952,1,2015-11-13T05:35:27.000+0000,
TIMOB-19950,1,2015-11-11T14:27:43.000+0000,
TIMOB-19947,1,2015-11-13T01:57:58.000+0000,
TIMOB-19937,1,2015-11-12T08:45:50.000+0000,
TIMOB-19931,1,2015-11-12T07:47:54.000+0000,
TIMOB-19930,1,2015-11-12T07:22:36.000+0000,
TIMOB-19929,1,2015-11-12T07:19:52.000+0000,
TIMOB-19927,1,2015-11-12T05:37:44.000+0000,
TIMOB-19925,1,2015-11-12T04:55:06.000+0000,
TIMOB-19921,1,2015-11-11T23:06:33.000+0000,
TIMOB-19916,1,2015-08-31T22:12:04.000+0000,
TIMOB-19910,1,2015-10-02T14:33:35.000+0000,
TIMOB-19908,1,2015-11-10T23:50:43.000+0000,
TIMOB-19905,1,2015-11-10T15:59:14.000+0000,
TIMOB-19903,1,2015-11-10T14:49:39.000+0000,
TIMOB-19898,1,2015-11-09T23:12:13.000+0000,
TIMOB-19897,1,2015-11-09T12:08:49.000+0000,
TIMOB-19896,1,2015-11-02T12:56:02.000+0000,
TIMOB-19894,1,2015-07-13T08:40:05.000+0000,
TIMOB-19891,1,2015-08-04T20:53:39.000+0000,
TIMOB-19886,1,2015-11-06T06:42:16.000+0000,
TIMOB-19884,1,2015-02-03T21:19:44.000+0000,
TIMOB-19856,1,2015-11-03T23:53:46.000+0000,
TIMOB-19850,1,2015-11-03T09:43:23.000+0000,
TIMOB-19843,1,2015-11-02T12:44:28.000+0000,
TIMOB-19840,1,2015-11-02T08:31:20.000+0000,
TIMOB-19838,1,2015-11-02T02:41:50.000+0000,
TIMOB-19837,1,2015-11-02T02:33:16.000+0000,
TIMOB-19836,1,2015-11-02T02:28:24.000+0000,
TIMOB-19823,1,2015-10-29T04:03:59.000+0000,
TIMOB-19821,1,2015-10-29T00:36:37.000+0000,
TIMOB-19820,1,2015-10-28T23:10:47.000+0000,
TIMOB-19817,1,2015-10-12T13:19:24.000+0000,
TIMOB-19811,1,2015-10-28T00:19:16.000+0000,
TIMOB-19809,1,2015-10-27T23:41:00.000+0000,
TIMOB-19808,1,2015-10-27T22:20:12.000+0000,
TIMOB-19807,1,2015-10-27T21:46:11.000+0000,
TIMOB-19801,1,2015-10-27T11:54:43.000+0000,
TIMOB-19799,1,2015-10-26T19:16:19.000+0000,
TIMOB-19798,1,2015-10-26T16:01:16.000+0000,
TIMOB-19796,1,2015-10-26T15:04:02.000+0000,
TIMOB-19788,1,2015-10-26T08:59:26.000+0000,
TIMOB-19787,1,2015-10-26T08:57:29.000+0000,
TIMOB-19784,1,2015-10-26T03:52:11.000+0000,
TIMOB-19777,1,2015-10-23T17:12:05.000+0000,
TIMOB-19774,1,2015-09-02T16:12:01.000+0000,
TIMOB-19767,1,2015-10-22T18:10:55.000+0000,
TIMOB-19766,1,2015-10-22T17:50:39.000+0000,
TIMOB-19762,1,2015-10-22T09:59:22.000+0000,
TIMOB-19760,1,2015-10-22T03:13:50.000+0000,
TIMOB-19757,1,2015-10-21T06:57:52.000+0000,
TIMOB-19755,1,2015-10-19T18:37:38.000+0000,
TIMOB-19753,1,2015-10-20T19:06:53.000+0000,
TIMOB-19745,1,2015-10-19T23:59:00.000+0000,
TIMOB-19741,1,2015-10-09T16:42:53.000+0000,
TIMOB-19739,1,2015-10-16T06:51:02.000+0000,
TIMOB-19737,1,2015-10-18T13:33:23.000+0000,
TIMOB-19725,1,2015-10-14T17:40:49.000+0000,
TIMOB-19722,1,2015-10-14T03:28:38.000+0000,
TIMOB-19707,1,2015-10-09T23:35:05.000+0000,
TIMOB-19698,1,2015-10-09T11:48:31.000+0000,
TIMOB-19697,1,2015-10-09T11:41:52.000+0000,
TIMOB-19693,1,2015-10-09T06:55:54.000+0000,
TIMOB-19692,1,2015-10-09T05:49:36.000+0000,
TIMOB-19689,1,2015-10-08T11:36:32.000+0000,
TIMOB-19685,1,2015-10-07T18:16:22.000+0000,
TIMOB-19683,1,2015-10-07T09:09:31.000+0000,
TIMOB-19681,1,2015-10-06T23:49:57.000+0000,
TIMOB-19678,1,2015-10-06T12:15:59.000+0000,
TIMOB-19673,1,2015-10-06T05:26:37.000+0000,
TIMOB-19672,1,2015-09-25T17:56:39.000+0000,
TIMOB-19664,1,2015-10-02T14:05:49.000+0000,
TIMOB-19663,1,2015-10-02T13:36:14.000+0000,
TIMOB-19661,1,2015-10-02T02:08:58.000+0000,
TIMOB-19660,1,2015-10-02T03:46:26.000+0000,
TIMOB-19659,1,2015-10-01T23:44:37.000+0000,
TIMOB-19656,1,2015-10-01T16:32:49.000+0000,
TIMOB-19655,1,2015-10-01T12:10:47.000+0000,
TIMOB-19654,1,2015-10-01T05:12:28.000+0000,
TIMOB-19650,1,2015-09-30T21:03:09.000+0000,
TIMOB-19647,1,2015-07-09T02:31:31.000+0000,
TIMOB-19646,1,2015-09-30T13:31:16.000+0000,
TIMOB-19644,1,2015-09-30T09:36:14.000+0000,
TIMOB-19640,1,2015-09-22T22:06:24.000+0000,
TIMOB-19633,1,2015-08-06T10:40:39.000+0000,
TIMOB-19628,1,2015-09-30T04:05:00.000+0000,
TIMOB-19621,1,2015-04-19T18:34:06.000+0000,
TIMOB-19617,1,2015-09-30T00:11:51.000+0000,
TIMOB-19615,1,2015-09-29T15:10:21.000+0000,
TIMOB-19612,1,2015-09-23T22:42:17.000+0000,
TIMOB-19609,1,2015-09-29T04:49:07.000+0000,
TIMOB-19597,1,2015-09-17T16:32:42.000+0000,
TIMOB-19572,1,2015-09-23T23:27:55.000+0000,
TIMOB-19568,1,2015-09-22T16:41:23.000+0000,
TIMOB-19567,1,2015-09-22T14:22:37.000+0000,
TIMOB-19566,1,2015-09-22T13:31:10.000+0000,
TIMOB-19565,1,2015-09-22T04:15:40.000+0000,
TIMOB-19564,1,2015-09-18T14:58:09.000+0000,
TIMOB-19562,1,2015-09-21T23:20:45.000+0000,
TIMOB-19555,1,2015-09-19T18:25:49.000+0000,
TIMOB-19554,1,2015-09-21T04:59:40.000+0000,
TIMOB-19550,1,2015-09-18T21:19:47.000+0000,
TIMOB-19549,1,2015-09-18T20:39:08.000+0000,
TIMOB-19545,1,2015-09-18T02:49:06.000+0000,
TIMOB-19544,1,2015-09-17T21:56:37.000+0000,
TIMOB-19533,1,2015-09-16T20:50:34.000+0000,
TIMOB-19529,1,2015-09-16T06:49:32.000+0000,
TIMOB-19528,1,2015-09-16T01:12:58.000+0000,
TIMOB-19518,1,2015-09-11T11:12:11.000+0000,
TIMOB-19517,1,2015-09-14T23:45:56.000+0000,
TIMOB-19508,1,2015-09-11T14:19:10.000+0000,
TIMOB-19504,1,2015-09-13T04:16:22.000+0000,
TIMOB-19502,1,2015-09-12T15:19:03.000+0000,
TIMOB-19490,1,2015-09-10T02:40:50.000+0000,
TIMOB-19476,1,2015-09-08T18:34:53.000+0000,
TIMOB-19474,1,2015-09-07T14:29:23.000+0000,
TIMOB-19473,1,2015-09-07T11:20:38.000+0000,
TIMOB-19470,1,2014-10-29T09:09:59.000+0000,
TIMOB-19469,1,2015-09-04T22:09:59.000+0000,
TIMOB-19447,1,2015-08-31T14:35:34.000+0000,
TIMOB-19445,1,2015-09-01T09:36:31.000+0000,
TIMOB-19442,1,2015-09-01T01:24:37.000+0000,
TIMOB-19438,1,2015-08-31T09:28:32.000+0000,
TIMOB-19437,1,2015-08-18T15:17:01.000+0000,
TIMOB-19428,1,2015-08-28T22:01:52.000+0000,
TIMOB-19426,1,2015-08-28T12:36:28.000+0000,
TIMOB-19424,1,2015-08-28T08:52:14.000+0000,
TIMOB-19422,1,2015-08-28T04:13:16.000+0000,
TIMOB-19420,1,2015-08-27T21:48:03.000+0000,
TIMOB-19419,1,2015-08-27T16:17:47.000+0000,
TIMOB-19418,1,2015-08-27T03:40:37.000+0000,
TIMOB-19416,1,2015-08-27T00:34:16.000+0000,
TIMOB-19411,1,2015-08-26T11:55:47.000+0000,
TIMOB-19410,1,2015-08-24T09:16:55.000+0000,
TIMOB-19409,1,2015-08-26T05:19:11.000+0000,
TIMOB-19406,1,2015-08-25T18:51:34.000+0000,
TIMOB-19405,1,2015-08-25T18:42:58.000+0000,
TIMOB-19404,1,2015-08-25T09:11:04.000+0000,
TIMOB-19402,1,2015-08-25T07:26:18.000+0000,
TIMOB-19401,1,2015-08-25T01:56:04.000+0000,
TIMOB-19400,1,2015-06-25T23:05:24.000+0000,
TIMOB-19399,1,2015-08-24T07:52:46.000+0000,
TIMOB-19397,1,2015-08-24T02:32:19.000+0000,
TIMOB-19394,1,2015-08-23T08:47:56.000+0000,
TIMOB-19386,1,2015-08-20T09:37:45.000+0000,
TIMOB-19385,1,2015-08-20T09:34:11.000+0000,
TIMOB-19384,1,2015-08-20T09:31:23.000+0000,
TIMOB-19383,1,2015-08-20T09:23:15.000+0000,
TIMOB-19381,1,2015-08-20T06:48:35.000+0000,
TIMOB-19379,1,2015-08-19T20:56:36.000+0000,
TIMOB-19378,1,2015-08-19T17:10:38.000+0000,
TIMOB-19377,1,2015-07-31T19:21:37.000+0000,
TIMOB-19369,1,2015-08-18T16:28:23.000+0000,
TIMOB-19366,1,2015-08-18T04:01:02.000+0000,
TIMOB-19365,1,2015-08-18T03:15:50.000+0000,
TIMOB-19355,1,2015-08-15T10:03:27.000+0000,
TIMOB-19350,1,2015-08-13T21:01:30.000+0000,
TIMOB-19347,1,2015-08-13T14:51:04.000+0000,
TIMOB-19345,1,2015-08-12T23:35:00.000+0000,
TIMOB-19344,1,2015-08-12T18:54:11.000+0000,
TIMOB-19340,1,2015-08-10T18:59:25.000+0000,
TIMOB-19337,1,2015-08-10T16:02:26.000+0000,
TIMOB-19326,1,2015-08-07T00:16:05.000+0000,
TIMOB-19320,1,2015-08-06T06:42:39.000+0000,
TIMOB-19318,1,2015-08-06T02:15:09.000+0000,
TIMOB-19312,1,2015-08-04T20:07:15.000+0000,
TIMOB-19308,1,2015-08-03T17:12:58.000+0000,
TIMOB-19305,1,2015-07-31T20:09:32.000+0000,
TIMOB-19303,1,2015-07-31T17:47:29.000+0000,
TIMOB-19294,1,2015-07-30T23:11:55.000+0000,
TIMOB-19293,1,2015-07-30T21:19:21.000+0000,
TIMOB-19290,1,2015-07-30T17:02:13.000+0000,
TIMOB-19281,1,2015-07-29T18:00:22.000+0000,
TIMOB-19275,1,2015-07-29T00:59:06.000+0000,
TIMOB-19274,1,2015-07-28T23:47:16.000+0000,
TIMOB-19272,1,2015-07-28T22:11:10.000+0000,
TIMOB-19271,1,2015-07-28T22:03:42.000+0000,
TIMOB-19270,1,2015-07-28T21:59:45.000+0000,
TIMOB-19269,1,2015-07-28T21:53:33.000+0000,
TIMOB-19268,1,2015-07-28T21:48:01.000+0000,
TIMOB-19267,1,2015-07-28T21:47:24.000+0000,
TIMOB-19266,1,2015-07-28T20:55:36.000+0000,
TIMOB-19265,1,2015-07-28T20:47:49.000+0000,
TIMOB-19264,1,2015-07-28T18:50:59.000+0000,
TIMOB-19263,1,2015-07-28T17:39:25.000+0000,
TIMOB-19262,1,2015-07-28T17:39:03.000+0000,
TIMOB-19251,1,2015-07-24T17:56:51.000+0000,
TIMOB-19249,1,2015-07-21T11:55:57.000+0000,
TIMOB-19242,1,2015-07-11T13:14:24.000+0000,
TIMOB-19235,1,2015-07-17T22:22:32.000+0000,
TIMOB-19234,1,2015-05-04T10:29:06.000+0000,
TIMOB-19232,1,2015-07-20T21:26:29.000+0000,
TIMOB-19231,1,2015-07-20T02:10:20.000+0000,
TIMOB-19227,1,2015-07-17T01:13:58.000+0000,
TIMOB-19225,1,2015-07-16T03:11:07.000+0000,
TIMOB-19219,1,2015-07-15T02:10:05.000+0000,
TIMOB-19217,1,2015-07-14T21:08:11.000+0000,
TIMOB-19215,1,2015-06-25T09:17:04.000+0000,
TIMOB-19214,1,2015-07-14T03:11:50.000+0000,
TIMOB-19213,1,2015-07-14T01:27:14.000+0000,
TIMOB-19212,1,2015-07-13T18:32:51.000+0000,
TIMOB-19211,1,2015-07-13T18:13:47.000+0000,
TIMOB-19209,1,2015-07-10T08:55:57.000+0000,
TIMOB-19208,1,2015-07-10T09:58:08.000+0000,
TIMOB-19207,1,2015-07-10T08:41:50.000+0000,
TIMOB-19206,1,2015-06-19T23:52:36.000+0000,
TIMOB-19200,1,2015-07-09T22:16:58.000+0000,
TIMOB-19199,1,2015-06-03T17:56:46.000+0000,
TIMOB-19195,1,2015-07-09T01:48:29.000+0000,
TIMOB-19193,1,2015-07-08T17:28:54.000+0000,
TIMOB-19192,1,2015-04-28T15:21:32.000+0000,
TIMOB-19188,1,2015-07-08T14:59:14.000+0000,
TIMOB-19187,1,2015-07-07T22:37:18.000+0000,
TIMOB-19183,1,2015-07-07T00:40:35.000+0000,
TIMOB-19180,1,2015-07-06T22:12:28.000+0000,
TIMOB-19179,1,2015-07-06T21:23:27.000+0000,
TIMOB-19177,1,2015-07-06T18:30:57.000+0000,
TIMOB-19176,1,2015-07-06T17:38:45.000+0000,
TIMOB-19175,1,2015-07-06T14:18:07.000+0000,
TIMOB-19170,1,2015-01-23T15:42:14.000+0000,
TIMOB-19165,1,2014-11-12T13:57:18.000+0000,
TIMOB-19164,1,2014-11-10T08:54:14.000+0000,
TIMOB-19160,1,2015-07-05T01:27:02.000+0000,
TIMOB-19157,1,2015-07-03T13:20:05.000+0000,
TIMOB-19156,1,2015-06-29T12:02:12.000+0000,
TIMOB-19153,1,2015-07-03T00:46:38.000+0000,
TIMOB-19152,1,2015-07-03T00:10:46.000+0000,
TIMOB-19148,1,2015-07-02T20:23:43.000+0000,
TIMOB-19147,1,2015-07-02T20:13:06.000+0000,
TIMOB-19144,1,2015-07-02T17:53:17.000+0000,
TIMOB-19143,1,2015-07-02T17:35:00.000+0000,
TIMOB-19142,1,2015-07-02T09:11:39.000+0000,
TIMOB-19140,1,2015-07-02T08:37:39.000+0000,
TIMOB-19138,1,2015-07-02T07:54:06.000+0000,
TIMOB-19137,1,2015-07-02T01:04:38.000+0000,
TIMOB-19135,1,2015-07-01T22:47:47.000+0000,
TIMOB-19132,1,2015-07-01T12:45:24.000+0000,
TIMOB-19130,1,2015-07-01T11:27:59.000+0000,
TIMOB-19129,1,2015-07-01T11:04:38.000+0000,
TIMOB-19128,1,2015-07-01T10:10:06.000+0000,
TIMOB-19127,1,2015-07-01T10:01:56.000+0000,
TIMOB-19126,1,2015-07-01T09:40:15.000+0000,
TIMOB-19125,1,2015-07-01T09:25:16.000+0000,
TIMOB-19124,1,2015-07-01T09:09:58.000+0000,
TIMOB-19123,1,2015-07-01T08:39:02.000+0000,
TIMOB-19119,1,2015-06-30T22:54:04.000+0000,
TIMOB-19116,1,2015-06-30T13:57:34.000+0000,
TIMOB-19114,1,2015-06-30T13:32:25.000+0000,
TIMOB-19112,1,2015-06-30T12:52:51.000+0000,
TIMOB-19111,1,2015-06-30T11:59:13.000+0000,
TIMOB-19108,1,2015-06-30T00:07:49.000+0000,
TIMOB-19107,1,2015-06-29T22:20:20.000+0000,
TIMOB-19106,1,2015-06-29T21:51:42.000+0000,
TIMOB-19105,1,2015-06-29T19:13:37.000+0000,
TIMOB-19104,1,2015-06-29T19:01:11.000+0000,
TIMOB-19103,1,2015-06-29T18:34:34.000+0000,
TIMOB-19100,1,2015-06-29T14:39:34.000+0000,
TIMOB-19099,1,2015-06-29T14:20:13.000+0000,
TIMOB-19098,1,2015-06-29T14:16:58.000+0000,
TIMOB-19096,1,2015-06-29T13:03:50.000+0000,
TIMOB-19095,1,2015-06-29T07:29:13.000+0000,
TIMOB-19092,1,2015-06-27T20:31:16.000+0000,
TIMOB-19091,1,2015-06-27T20:14:36.000+0000,
TIMOB-19090,1,2015-06-27T06:15:34.000+0000,
TIMOB-19088,1,2015-06-18T14:45:15.000+0000,
TIMOB-19086,1,2015-06-26T21:04:28.000+0000,
TIMOB-19085,1,2015-06-26T20:35:17.000+0000,
TIMOB-19084,1,2015-06-26T19:43:47.000+0000,
TIMOB-19083,1,2015-06-26T17:39:21.000+0000,
TIMOB-19082,1,2015-06-26T17:37:29.000+0000,
TIMOB-19079,1,2015-06-26T08:57:30.000+0000,
TIMOB-19078,1,2015-06-26T05:46:43.000+0000,
TIMOB-19077,1,2015-06-26T01:06:21.000+0000,
TIMOB-19076,1,2015-06-25T23:25:53.000+0000,
TIMOB-19073,1,2015-06-24T16:28:10.000+0000,
TIMOB-19065,1,2015-06-23T12:27:20.000+0000,
TIMOB-19062,1,2015-06-23T08:18:13.000+0000,
TIMOB-19061,1,2015-06-23T04:08:13.000+0000,
TIMOB-19054,1,2015-06-22T22:07:31.000+0000,
TIMOB-19052,1,2015-06-22T14:05:01.000+0000,
TIMOB-19051,1,2015-06-22T02:51:31.000+0000,
TIMOB-19048,1,2015-06-19T18:11:29.000+0000,
TIMOB-19044,1,2015-06-18T22:31:21.000+0000,
TIMOB-19043,1,2015-06-18T22:12:39.000+0000,
TIMOB-19042,1,2015-06-18T20:38:19.000+0000,
TIMOB-19039,1,2015-06-17T22:26:32.000+0000,
TIMOB-19038,1,2015-06-17T22:01:13.000+0000,
TIMOB-19037,1,2015-06-17T21:38:59.000+0000,
TIMOB-19030,1,2015-06-16T02:24:06.000+0000,
TIMOB-19029,1,2015-06-15T22:45:28.000+0000,
TIMOB-19028,1,2015-06-15T19:12:28.000+0000,
TIMOB-19025,1,2015-06-15T18:24:39.000+0000,
TIMOB-19022,1,2015-06-15T15:43:10.000+0000,
TIMOB-19021,1,2015-06-15T15:10:59.000+0000,
TIMOB-19017,1,2015-06-14T21:05:43.000+0000,
TIMOB-19013,1,2015-06-12T20:51:27.000+0000,
TIMOB-19012,1,2015-06-12T18:43:25.000+0000,
TIMOB-18999,1,2015-06-11T18:54:29.000+0000,
TIMOB-18991,1,2015-06-09T19:39:49.000+0000,
TIMOB-18990,1,2015-06-09T19:25:08.000+0000,
TIMOB-18989,1,2015-06-08T21:57:58.000+0000,
TIMOB-18987,1,2015-06-08T21:04:42.000+0000,
TIMOB-18981,1,2015-06-06T00:54:30.000+0000,
TIMOB-18980,1,2015-06-06T00:08:05.000+0000,
TIMOB-18974,1,2015-06-04T22:17:54.000+0000,
TIMOB-18970,1,2015-01-21T18:26:19.000+0000,
TIMOB-18967,1,2015-05-29T17:16:19.000+0000,
TIMOB-18965,1,2015-05-29T06:39:10.000+0000,
TIMOB-18960,1,2015-05-29T00:41:39.000+0000,
TIMOB-18958,1,2015-05-28T19:20:44.000+0000,
TIMOB-18956,1,2015-05-26T21:21:58.000+0000,
TIMOB-18951,1,2015-05-26T09:51:08.000+0000,
TIMOB-18941,1,2015-05-21T22:33:26.000+0000,
TIMOB-18931,1,2015-05-20T18:56:11.000+0000,
TIMOB-18926,1,2015-05-20T01:23:50.000+0000,
TIMOB-18916,1,2015-05-19T12:16:33.000+0000,
TIMOB-18915,1,2015-04-23T22:08:43.000+0000,
TIMOB-18913,1,2015-05-06T14:35:20.000+0000,
TIMOB-18906,1,2015-05-12T07:40:05.000+0000,
TIMOB-18902,1,2015-05-13T14:13:28.000+0000,
TIMOB-18901,1,2015-05-13T03:01:13.000+0000,
TIMOB-18890,1,2015-05-11T14:29:18.000+0000,
TIMOB-18889,1,2015-05-08T23:57:06.000+0000,
TIMOB-18887,1,2015-03-19T14:23:17.000+0000,
TIMOB-18877,1,2015-05-01T23:10:11.000+0000,
TIMOB-18876,1,2015-05-07T13:35:11.000+0000,
TIMOB-18873,1,2015-05-07T00:44:18.000+0000,
TIMOB-18871,1,2015-05-05T02:45:52.000+0000,
TIMOB-18870,1,2015-05-04T21:12:41.000+0000,
TIMOB-18867,1,2015-05-01T09:35:40.000+0000,
TIMOB-18866,1,2015-05-01T09:26:00.000+0000,
TIMOB-18865,1,2015-04-30T22:55:26.000+0000,
TIMOB-18861,1,2015-04-10T16:43:30.000+0000,
TIMOB-18855,1,2015-04-25T17:29:14.000+0000,
TIMOB-18853,1,2015-04-10T16:00:49.000+0000,
TIMOB-18843,1,2015-04-20T10:12:33.000+0000,
TIMOB-18840,1,2015-04-17T16:20:08.000+0000,
TIMOB-18838,1,2015-04-15T12:52:01.000+0000,
TIMOB-18830,1,2015-04-15T03:25:02.000+0000,
TIMOB-18824,1,2015-04-10T21:05:31.000+0000,
TIMOB-18820,1,2015-04-10T13:57:29.000+0000,
TIMOB-18815,1,2015-04-09T02:07:15.000+0000,
TIMOB-18789,1,2015-04-08T10:33:44.000+0000,
TIMOB-18788,1,2014-07-22T12:09:10.000+0000,
TIMOB-18782,1,2015-02-23T12:10:56.000+0000,
TIMOB-18776,1,2015-04-02T05:45:41.000+0000,
TIMOB-18775,1,2015-04-02T01:49:23.000+0000,
TIMOB-18773,1,2015-04-01T14:38:27.000+0000,
TIMOB-18770,1,2015-03-31T14:48:35.000+0000,
TIMOB-18768,1,2015-03-30T10:24:07.000+0000,
TIMOB-18765,1,2015-03-30T01:32:38.000+0000,
TIMOB-18763,1,2015-03-27T22:16:57.000+0000,
TIMOB-18747,1,2015-03-26T23:18:20.000+0000,
TIMOB-18740,1,2015-03-25T17:08:24.000+0000,
TIMOB-18739,1,2015-03-25T17:07:04.000+0000,
TIMOB-18734,1,2015-03-24T22:13:05.000+0000,
TIMOB-18733,1,2015-03-24T18:57:26.000+0000,
TIMOB-18730,1,2015-03-23T22:18:06.000+0000,
TIMOB-18729,1,2015-03-23T13:53:59.000+0000,
TIMOB-18728,1,2015-03-23T01:14:07.000+0000,
TIMOB-18724,1,2015-03-20T15:01:56.000+0000,
TIMOB-18715,1,2015-03-20T00:19:25.000+0000,
TIMOB-18700,1,2015-03-12T18:23:19.000+0000,
TIMOB-18699,1,2015-03-12T18:22:33.000+0000,
TIMOB-18698,1,2015-03-12T18:21:48.000+0000,
TIMOB-18682,1,2015-03-11T19:31:27.000+0000,
TIMOB-18679,1,2015-03-11T02:54:06.000+0000,
TIMOB-18678,1,2015-03-10T22:09:49.000+0000,
TIMOB-18676,1,2015-03-10T19:37:50.000+0000,
TIMOB-18675,1,2015-03-10T19:30:48.000+0000,
TIMOB-18674,1,2015-03-10T18:13:36.000+0000,
TIMOB-18672,1,2015-03-09T22:30:19.000+0000,
TIMOB-18671,1,2015-03-09T22:29:12.000+0000,
TIMOB-18670,1,2015-03-09T22:27:31.000+0000,
TIMOB-18669,1,2015-03-09T22:19:49.000+0000,
TIMOB-18639,1,2015-03-05T19:35:18.000+0000,
TIMOB-18638,1,2015-03-05T14:53:01.000+0000,
TIMOB-18637,1,2015-03-05T14:49:48.000+0000,
TIMOB-18635,1,2015-03-04T21:38:06.000+0000,
TIMOB-18632,1,2015-03-03T03:00:23.000+0000,
TIMOB-18625,1,2015-03-02T03:33:55.000+0000,
TIMOB-18617,1,2015-02-25T21:24:49.000+0000,
TIMOB-18609,1,2015-02-24T20:51:23.000+0000,
TIMOB-18594,1,2015-02-19T17:09:55.000+0000,
TIMOB-18564,1,2015-01-15T16:48:08.000+0000,
TIMOB-18562,1,2015-02-12T23:11:31.000+0000,
TIMOB-18559,1,2015-02-12T19:09:40.000+0000,
TIMOB-18557,1,2015-02-12T03:59:18.000+0000,
TIMOB-18546,1,2015-02-10T21:04:21.000+0000,
TIMOB-18543,1,2015-02-10T01:45:18.000+0000,
TIMOB-18538,1,2015-02-09T16:43:45.000+0000,
TIMOB-18532,1,2015-02-06T16:30:21.000+0000,
TIMOB-18521,1,2015-02-05T18:08:43.000+0000,
TIMOB-18520,1,2015-02-05T17:58:34.000+0000,
TIMOB-18519,1,2015-02-05T17:57:36.000+0000,
TIMOB-18518,1,2015-02-05T17:55:37.000+0000,
TIMOB-18516,1,2015-02-05T07:48:21.000+0000,
TIMOB-18510,1,2014-12-02T10:20:34.000+0000,
TIMOB-18503,1,2015-02-03T18:01:08.000+0000,
TIMOB-18484,1,2015-01-30T21:06:06.000+0000,
TIMOB-18481,1,2015-01-30T15:11:51.000+0000,
TIMOB-18478,1,2015-01-30T06:32:03.000+0000,
TIMOB-18476,1,2015-01-29T10:52:39.000+0000,
TIMOB-18464,1,2015-01-27T21:39:30.000+0000,
TIMOB-18458,1,2015-01-28T16:38:46.000+0000,
TIMOB-18457,1,2015-01-28T16:35:40.000+0000,
TIMOB-18454,1,2015-01-27T23:42:14.000+0000,
TIMOB-18448,1,2015-01-27T18:53:15.000+0000,
TIMOB-18440,1,2015-01-23T19:55:02.000+0000,
TIMOB-18433,1,2015-01-23T00:13:58.000+0000,
TIMOB-18432,1,2015-01-22T22:01:40.000+0000,
TIMOB-18431,1,2015-01-22T18:39:26.000+0000,
TIMOB-18423,1,2015-01-21T18:24:28.000+0000,
TIMOB-18407,1,2015-01-19T22:54:12.000+0000,
TIMOB-18402,1,2015-01-19T17:07:16.000+0000,
TIMOB-18401,1,2015-01-16T09:22:26.000+0000,
TIMOB-18399,1,2014-12-17T05:27:31.000+0000,
TIMOB-18396,1,2015-01-16T21:48:47.000+0000,
TIMOB-18395,1,2015-01-16T21:08:02.000+0000,
TIMOB-18392,1,2015-01-15T16:53:25.000+0000,
TIMOB-18390,1,2015-01-08T11:49:31.000+0000,
TIMOB-18380,1,2015-01-14T16:12:30.000+0000,
TIMOB-18379,1,2015-01-15T00:50:57.000+0000,
TIMOB-18378,1,2015-01-14T19:32:38.000+0000,
TIMOB-18368,1,2015-01-13T08:21:38.000+0000,
TIMOB-18365,1,2015-01-12T19:46:56.000+0000,
TIMOB-18363,1,2015-01-12T17:16:55.000+0000,
TIMOB-18359,1,2015-01-10T01:17:09.000+0000,
TIMOB-18350,1,2015-01-09T02:21:05.000+0000,
TIMOB-18347,1,2015-01-08T21:55:59.000+0000,
TIMOB-18341,1,2015-01-07T23:02:51.000+0000,
TIMOB-18340,1,2015-01-07T22:55:09.000+0000,
TIMOB-18332,1,2015-01-06T16:30:58.000+0000,
TIMOB-18331,1,2014-11-13T09:26:42.000+0000,
TIMOB-18328,1,2015-01-06T21:00:44.000+0000,
TIMOB-18327,1,2015-01-06T20:59:54.000+0000,
TIMOB-18326,1,2015-01-06T20:58:42.000+0000,
TIMOB-18325,1,2015-01-06T20:57:22.000+0000,
TIMOB-18322,1,2015-01-06T20:52:00.000+0000,
TIMOB-18320,1,2015-01-06T20:47:49.000+0000,
TIMOB-18317,1,2015-01-06T13:41:02.000+0000,
TIMOB-18310,1,2015-01-06T08:00:28.000+0000,
TIMOB-18309,1,2015-01-06T07:53:55.000+0000,
TIMOB-18303,1,2015-01-05T17:24:44.000+0000,
TIMOB-18286,1,2014-12-23T22:28:22.000+0000,
TIMOB-18285,1,2014-12-23T22:11:07.000+0000,
TIMOB-18283,1,2014-12-22T19:48:41.000+0000,
TIMOB-18279,1,2014-12-19T10:47:13.000+0000,
TIMOB-18278,1,2014-12-16T08:26:59.000+0000,
TIMOB-18262,1,2014-12-18T21:05:15.000+0000,
TIMOB-18260,1,2014-12-18T10:41:30.000+0000,
TIMOB-18249,1,2014-12-17T22:58:25.000+0000,
TIMOB-18245,1,2014-12-16T14:46:47.000+0000,
TIMOB-18244,1,2014-12-16T16:10:43.000+0000,
TIMOB-18215,1,2014-12-16T19:30:40.000+0000,
TIMOB-18214,1,2014-12-16T17:07:38.000+0000,
TIMOB-18208,1,2014-12-14T15:31:49.000+0000,
TIMOB-18199,1,2014-12-15T07:19:56.000+0000,
TIMOB-18193,1,2014-12-12T16:31:10.000+0000,
TIMOB-18174,1,2014-12-10T09:36:25.000+0000,
TIMOB-18173,1,2014-12-10T09:09:01.000+0000,
TIMOB-18168,1,2014-12-09T22:27:38.000+0000,
TIMOB-18158,1,2014-12-09T09:46:09.000+0000,
TIMOB-18156,1,2014-12-09T08:27:21.000+0000,
TIMOB-18155,1,2014-12-09T07:44:24.000+0000,
TIMOB-18152,1,2014-12-08T21:21:02.000+0000,
TIMOB-18146,1,2014-12-06T00:51:39.000+0000,
TIMOB-18145,1,2014-12-06T00:27:33.000+0000,
TIMOB-18143,1,2014-12-05T23:56:16.000+0000,
TIMOB-18140,1,2014-12-04T21:49:21.000+0000,
TIMOB-18132,1,2014-07-31T11:43:02.000+0000,
TIMOB-18129,1,2014-11-03T16:10:46.000+0000,
TIMOB-18126,1,2014-12-02T19:18:18.000+0000,
TIMOB-18102,1,2014-11-26T22:44:04.000+0000,
TIMOB-18098,1,2014-11-25T22:40:43.000+0000,
TIMOB-18080,1,2014-11-24T17:36:04.000+0000,
TIMOB-18074,1,2014-11-24T02:29:20.000+0000,
TIMOB-18070,1,2014-11-21T15:59:47.000+0000,
TIMOB-18048,1,2014-11-17T12:28:09.000+0000,
TIMOB-18046,1,2014-11-18T05:51:11.000+0000,
TIMOB-18044,1,2014-08-10T00:17:30.000+0000,
TIMOB-17998,1,2014-11-10T23:04:52.000+0000,
TIMOB-17997,1,2014-11-10T22:02:22.000+0000,
TIMOB-17993,1,2014-11-09T13:12:33.000+0000,
TIMOB-17987,1,2014-11-07T00:09:07.000+0000,
TIMOB-17953,1,2014-11-04T00:36:09.000+0000,
TIMOB-17950,1,2014-11-03T21:55:11.000+0000,
TIMOB-17949,1,2014-11-03T20:39:52.000+0000,
TIMOB-17946,1,2014-10-31T23:31:17.000+0000,
TIMOB-17945,1,2014-08-30T01:27:40.000+0000,
TIMOB-17941,1,2014-10-29T22:46:33.000+0000,
TIMOB-17923,1,2014-10-27T14:00:13.000+0000,
TIMOB-17890,1,2014-10-23T18:44:34.000+0000,
TIMOB-17885,1,2014-10-20T05:54:26.000+0000,
TIMOB-17884,1,2014-07-25T09:06:03.000+0000,
TIMOB-17879,1,2014-10-20T22:36:35.000+0000,
TIMOB-17874,1,2014-10-17T23:56:09.000+0000,
TIMOB-17868,1,2014-10-15T17:52:57.000+0000,
TIMOB-17865,1,2014-10-15T15:38:22.000+0000,
TIMOB-17843,1,2014-10-13T21:12:20.000+0000,
TIMOB-17842,1,2014-07-30T01:40:13.000+0000,
TIMOB-17841,1,2014-10-13T18:11:31.000+0000,
TIMOB-17818,1,2014-10-02T07:13:53.000+0000,
TIMOB-17813,1,2014-10-01T18:22:03.000+0000,
TIMOB-17811,1,2014-10-01T10:03:23.000+0000,
TIMOB-17808,1,2014-09-29T22:35:06.000+0000,
TIMOB-17800,1,2014-09-10T09:57:36.000+0000,
TIMOB-17798,1,2014-09-26T21:10:26.000+0000,
TIMOB-17793,1,2014-09-26T19:58:28.000+0000,
TIMOB-17788,1,2014-09-26T11:22:12.000+0000,
TIMOB-17762,1,2014-09-25T19:19:11.000+0000,
TIMOB-17761,1,2014-09-25T10:38:48.000+0000,
TIMOB-17758,1,2014-09-24T22:41:49.000+0000,
TIMOB-17749,1,2014-09-12T07:14:09.000+0000,
TIMOB-17747,1,2014-08-05T18:32:19.000+0000,
TIMOB-17740,1,2014-09-19T03:02:37.000+0000,
TIMOB-17738,1,2014-09-23T00:00:25.000+0000,
TIMOB-17736,1,2014-09-18T08:07:35.000+0000,
TIMOB-17734,1,2014-09-22T07:55:26.000+0000,
TIMOB-17727,1,2014-09-16T20:11:19.000+0000,
TIMOB-17726,1,2014-09-18T17:57:52.000+0000,
TIMOB-17719,1,2014-09-17T21:08:46.000+0000,
TIMOB-17718,1,2014-09-17T07:24:16.000+0000,
TIMOB-17716,1,2014-09-17T18:21:18.000+0000,
TIMOB-17715,1,2014-09-17T02:17:18.000+0000,
TIMOB-17713,1,2014-09-11T15:33:45.000+0000,
TIMOB-17712,1,2014-09-16T23:07:38.000+0000,
TIMOB-17711,1,2014-09-16T22:20:16.000+0000,
TIMOB-17710,1,2014-09-16T21:45:54.000+0000,
TIMOB-17708,1,2014-09-14T09:51:56.000+0000,
TIMOB-17703,1,2014-09-16T15:18:10.000+0000,
TIMOB-17702,1,2014-09-16T13:10:00.000+0000,
TIMOB-17700,1,2014-09-16T05:44:47.000+0000,
TIMOB-17699,1,2014-09-16T04:43:18.000+0000,
TIMOB-17696,1,2014-09-15T23:34:49.000+0000,
TIMOB-17695,1,2014-09-15T23:23:21.000+0000,
TIMOB-17694,1,2014-09-15T14:34:25.000+0000,
TIMOB-17692,1,2014-09-10T12:45:10.000+0000,
TIMOB-17691,1,2014-09-15T10:42:34.000+0000,
TIMOB-17690,1,2014-09-12T21:53:20.000+0000,
TIMOB-17686,1,2014-09-13T15:33:28.000+0000,
TIMOB-17684,1,2014-09-13T01:40:34.000+0000,
TIMOB-17678,1,2014-09-11T00:25:02.000+0000,
TIMOB-17677,1,2014-09-10T23:56:12.000+0000,
TIMOB-17676,1,2014-09-10T23:01:05.000+0000,
TIMOB-17670,1,2014-09-10T14:15:48.000+0000,
TIMOB-17668,1,2014-09-10T07:21:02.000+0000,
TIMOB-17666,1,2014-09-09T22:42:58.000+0000,
TIMOB-17665,1,2014-09-09T21:09:50.000+0000,
TIMOB-17661,1,2014-09-09T18:59:50.000+0000,
TIMOB-17660,1,2014-09-09T13:49:11.000+0000,
TIMOB-17659,1,2014-09-09T18:09:59.000+0000,
TIMOB-17658,1,2014-09-09T15:52:51.000+0000,
TIMOB-17657,1,2014-09-09T10:01:56.000+0000,
TIMOB-17654,1,2014-09-09T08:12:08.000+0000,
TIMOB-17653,1,2014-09-09T05:21:55.000+0000,
TIMOB-17651,1,2014-09-09T00:03:35.000+0000,
TIMOB-17649,1,2014-09-08T21:22:53.000+0000,
TIMOB-17648,1,2014-09-08T20:53:49.000+0000,
TIMOB-17646,1,2014-09-08T18:25:01.000+0000,
TIMOB-17645,1,2014-09-08T18:13:55.000+0000,
TIMOB-17644,1,2014-09-08T17:34:45.000+0000,
TIMOB-17642,1,2014-09-08T17:17:45.000+0000,
TIMOB-17639,1,2014-09-08T09:27:01.000+0000,
TIMOB-17638,1,2014-09-07T22:38:37.000+0000,
TIMOB-17636,1,2014-09-08T03:55:55.000+0000,
TIMOB-17634,1,2014-09-05T21:19:00.000+0000,
TIMOB-17631,1,2014-09-05T18:41:19.000+0000,
TIMOB-17629,1,2014-08-04T14:46:30.000+0000,
TIMOB-17627,1,2014-07-07T02:53:15.000+0000,
TIMOB-17626,1,2014-07-29T13:09:33.000+0000,
TIMOB-17624,1,2014-09-04T21:36:39.000+0000,
TIMOB-17619,1,2014-09-04T11:51:31.000+0000,
TIMOB-17613,1,2014-09-03T15:57:15.000+0000,
TIMOB-17612,1,2014-09-03T18:43:36.000+0000,
TIMOB-17610,1,2014-09-03T18:26:26.000+0000,
TIMOB-17605,1,2014-09-03T01:06:08.000+0000,
TIMOB-17604,1,2014-09-02T22:54:18.000+0000,
TIMOB-17603,1,2014-09-02T21:07:14.000+0000,
TIMOB-17595,1,2014-09-02T10:23:09.000+0000,
TIMOB-17594,1,2014-09-02T10:00:01.000+0000,
TIMOB-17589,1,2014-09-02T04:23:31.000+0000,
TIMOB-17585,1,2014-09-01T22:18:50.000+0000,
TIMOB-17584,1,2014-08-12T19:26:51.000+0000,
TIMOB-17582,1,2014-09-01T12:54:54.000+0000,
TIMOB-17581,1,2014-09-01T11:13:39.000+0000,
TIMOB-17573,1,2014-08-29T03:35:17.000+0000,
TIMOB-17571,1,2014-08-28T20:11:46.000+0000,
TIMOB-17568,1,2014-08-27T23:20:09.000+0000,
TIMOB-17567,1,2014-08-27T22:14:08.000+0000,
TIMOB-17566,1,2014-08-27T22:09:17.000+0000,
TIMOB-17565,1,2014-08-26T23:55:40.000+0000,
TIMOB-17563,1,2014-08-26T21:41:50.000+0000,
TIMOB-17548,1,2014-07-23T13:46:34.000+0000,
TIMOB-17545,1,2014-08-25T16:18:39.000+0000,
TIMOB-17509,1,2014-07-18T21:55:45.000+0000,
TIMOB-17502,1,2014-07-31T18:57:59.000+0000,
TIMOB-17491,1,2014-08-11T13:59:17.000+0000,
TIMOB-17482,1,2014-08-11T09:12:07.000+0000,
TIMOB-17480,1,2014-06-19T10:55:09.000+0000,
TIMOB-17478,1,2014-08-08T21:47:54.000+0000,
TIMOB-17477,1,2014-08-08T21:45:04.000+0000,
TIMOB-17460,1,2014-07-27T06:09:39.000+0000,
TIMOB-17457,1,2014-08-05T23:55:37.000+0000,
TIMOB-17456,1,2014-08-05T00:22:48.000+0000,
TIMOB-17448,1,2014-08-02T02:59:03.000+0000,
TIMOB-17447,1,2014-08-02T00:09:55.000+0000,
TIMOB-17418,1,2014-07-29T20:56:30.000+0000,
TIMOB-17411,1,2014-07-27T21:06:09.000+0000,
TIMOB-17404,1,2014-07-10T09:07:49.000+0000,
TIMOB-17396,1,2014-07-25T08:50:02.000+0000,
TIMOB-17395,1,2014-07-25T08:49:03.000+0000,
TIMOB-17371,1,2014-07-23T06:55:57.000+0000,
TIMOB-17367,1,2014-07-06T14:00:28.000+0000,
TIMOB-17358,1,2014-07-22T16:23:47.000+0000,
TIMOB-17351,1,2014-07-21T17:15:44.000+0000,
TIMOB-17350,1,2014-07-21T16:18:41.000+0000,
TIMOB-17346,1,2014-07-17T22:24:56.000+0000,
TIMOB-17293,1,2014-07-11T17:22:07.000+0000,
TIMOB-17281,1,2014-07-07T09:18:03.000+0000,
TIMOB-17271,1,2014-07-03T23:25:33.000+0000,
TIMOB-17260,1,2014-05-30T20:58:20.000+0000,
TIMOB-17219,1,2014-06-26T14:30:52.000+0000,
TIMOB-17211,1,2014-06-25T11:32:18.000+0000,
TIMOB-17208,1,2014-06-25T04:51:14.000+0000,
TIMOB-17199,1,2014-06-24T07:00:44.000+0000,
TIMOB-17193,1,2014-06-23T18:39:39.000+0000,
TIMOB-17143,1,2014-04-10T14:35:05.000+0000,
TIMOB-17141,1,2014-05-23T10:58:03.000+0000,
TIMOB-17085,1,2014-06-06T17:11:26.000+0000,
TIMOB-17053,1,2014-05-30T23:22:06.000+0000,
TIMOB-17048,1,2014-05-30T18:20:15.000+0000,
TIMOB-17001,1,2014-05-20T20:59:22.000+0000,
TIMOB-16946,1,2014-05-12T21:13:41.000+0000,
TIMOB-16941,1,2014-05-06T22:18:44.000+0000,
TIMOB-16911,1,2014-04-25T18:36:52.000+0000,
TIMOB-16909,1,2014-05-02T14:39:55.000+0000,
TIMOB-16882,1,2014-04-25T21:35:47.000+0000,
TIMOB-16741,1,2014-03-26T23:47:23.000+0000,
TIMOB-16697,1,2014-03-25T18:31:17.000+0000,
TIMOB-16680,1,2014-03-24T15:46:08.000+0000,
TIMOB-16619,1,2014-03-12T23:10:30.000+0000,
TIMOB-16607,1,2014-03-05T11:59:24.000+0000,
TIMOB-16597,1,2014-03-07T13:58:29.000+0000,
TIMOB-16593,1,2014-03-07T01:03:00.000+0000,
TIMOB-16562,1,2014-03-06T10:18:03.000+0000,
TIMOB-16496,1,2014-02-23T21:37:51.000+0000,
TIMOB-16450,1,2014-02-12T00:48:49.000+0000,
TIMOB-16432,1,2014-02-09T18:49:48.000+0000,
TIMOB-16426,1,2014-01-30T20:21:32.000+0000,
TIMOB-16385,1,2014-02-05T23:44:12.000+0000,
TIMOB-16380,1,2014-02-03T23:05:50.000+0000,
TIMOB-16355,1,2014-02-02T19:16:45.000+0000,
TIMOB-16258,1,2013-11-03T23:35:39.000+0000,
TIMOB-16240,1,2014-01-16T10:36:07.000+0000,
TIMOB-16185,1,2014-01-14T11:50:37.000+0000,
TIMOB-16115,1,2013-12-19T02:56:14.000+0000,
TIMOB-16077,1,2013-12-24T22:32:48.000+0000,
TIMOB-15969,1,2013-12-12T01:56:13.000+0000,
TIMOB-15967,1,2013-12-10T19:26:33.000+0000,
TIMOB-15871,1,2013-11-13T11:35:53.000+0000,
TIMOB-15812,1,2013-11-25T12:40:07.000+0000,
TIMOB-15805,1,2013-11-19T11:23:39.000+0000,
TIMOB-15800,1,2013-11-19T09:11:01.000+0000,
TIMOB-15747,1,2013-11-12T18:55:01.000+0000,
TIMOB-15732,1,2013-08-15T21:40:55.000+0000,
TIMOB-15716,1,2013-11-14T11:21:44.000+0000,
TIMOB-15710,1,2013-10-09T00:07:43.000+0000,
TIMOB-15705,1,2013-09-13T11:59:25.000+0000,
TIMOB-15703,1,2013-11-06T19:30:37.000+0000,
TIMOB-15612,1,2013-10-28T10:17:48.000+0000,
TIMOB-15560,1,2013-10-19T21:50:20.000+0000,
TIMOB-15534,1,2013-10-18T09:32:01.000+0000,
TIMOB-15448,1,2013-10-09T08:27:02.000+0000,
TIMOB-15247,1,2013-07-05T16:05:43.000+0000,
TIMOB-15118,1,2013-09-11T05:19:52.000+0000,
TIMOB-15009,1,2013-08-29T15:00:03.000+0000,
TIMOB-14991,1,2013-08-28T22:20:39.000+0000,
TIMOB-14963,1,2013-08-21T06:25:15.000+0000,
TIMOB-14933,1,2013-08-21T20:05:11.000+0000,
TIMOB-14931,1,2013-08-21T18:37:07.000+0000,
TIMOB-14899,1,2013-08-16T18:58:53.000+0000,
TIMOB-14836,1,2013-08-12T21:23:52.000+0000,
TIMOB-14806,1,2013-08-10T01:38:09.000+0000,
TIMOB-14799,1,2013-08-09T12:58:52.000+0000,
TIMOB-14762,1,2013-04-17T17:13:40.000+0000,
TIMOB-14743,1,2013-07-26T23:21:21.000+0000,
TIMOB-14735,1,2013-08-01T09:54:42.000+0000,
TIMOB-14696,1,2013-07-30T12:10:55.000+0000,
TIMOB-14425,1,2013-06-27T23:28:08.000+0000,
TIMOB-14393,1,2013-06-26T18:46:16.000+0000,
TIMOB-14267,1,2013-06-17T18:48:58.000+0000,
TIMOB-14262,1,2013-06-15T06:09:24.000+0000,
TIMOB-14242,1,2013-06-14T09:31:20.000+0000,
TIMOB-14241,1,2013-06-14T10:00:35.000+0000,
TIMOB-14003,1,2013-05-27T12:52:01.000+0000,
TIMOB-13986,1,2013-05-24T21:46:13.000+0000,
TIMOB-13974,1,2013-05-23T23:02:38.000+0000,
TIMOB-13922,1,2013-05-20T20:58:42.000+0000,
TIMOB-13914,1,2013-05-20T12:44:09.000+0000,
TIMOB-13892,1,2013-05-17T11:39:19.000+0000,
TIMOB-13890,1,2013-05-17T10:42:57.000+0000,
TIMOB-13862,1,2013-05-15T05:08:55.000+0000,
TIMOB-13582,1,2013-04-16T00:00:03.000+0000,
TIMOB-13545,1,2013-04-12T13:01:44.000+0000,
TIMOB-13520,1,2013-04-11T00:52:52.000+0000,
TIMOB-13401,1,2012-12-06T10:24:14.000+0000,
TIMOB-13398,1,2012-12-21T16:08:14.000+0000,
TIMOB-13364,1,2013-04-03T17:19:52.000+0000,
TIMOB-13190,1,2013-03-25T17:57:52.000+0000,
TIMOB-12960,1,2013-03-05T11:58:54.000+0000,
TIMOB-12764,1,2013-02-15T23:39:49.000+0000,
TIMOB-12646,1,2012-11-08T20:21:48.000+0000,
TIMOB-12604,1,2013-02-06T10:26:22.000+0000,
TIMOB-12600,1,2013-02-06T00:20:54.000+0000,
TIMOB-12457,1,2013-01-05T09:04:06.000+0000,
TIMOB-12411,1,2013-01-24T11:29:38.000+0000,
TIMOB-12372,1,2013-01-22T18:18:54.000+0000,
TIMOB-12280,1,2013-01-14T17:28:13.000+0000,
TIMOB-12246,1,2012-12-04T16:29:42.000+0000,
TIMOB-12169,1,2012-12-30T06:58:11.000+0000,
TIMOB-12034,1,2012-12-12T01:07:12.000+0000,
TIMOB-11867,1,2012-11-27T13:58:04.000+0000,
TIMOB-11628,1,2012-10-21T23:41:51.000+0000,
TIMOB-11603,1,2012-10-29T21:25:14.000+0000,
TIMOB-11373,1,2012-09-10T15:20:58.000+0000,
TIMOB-11188,1,2012-09-27T00:41:24.000+0000,
TIMOB-11172,1,2012-09-26T20:39:37.000+0000,
TIMOB-10800,1,2012-09-06T14:03:15.000+0000,
TIMOB-10748,1,2012-09-04T13:19:29.000+0000,
TIMOB-10534,1,2012-08-15T08:22:45.000+0000,
TIMOB-9930,1,2012-07-10T22:58:12.000+0000,
TIMOB-9682,1,2012-06-20T22:59:20.000+0000,
TIMOB-9552,1,2012-06-14T11:26:08.000+0000,
TIMOB-9481,1,2012-06-11T11:12:10.000+0000,
TIMOB-9153,1,2012-03-29T13:37:17.000+0000,
TIMOB-9139,1,2012-05-15T09:44:52.000+0000,
TIMOB-9102,1,2012-05-06T01:45:04.000+0000,
TIMOB-8775,1,2012-04-17T16:54:20.000+0000,
TIMOB-8772,1,2012-04-17T15:50:20.000+0000,
TIMOB-8745,1,2012-04-16T13:44:03.000+0000,
TIMOB-8743,1,2012-04-16T13:33:18.000+0000,
TIMOB-8730,1,2012-04-13T17:08:07.000+0000,
TIMOB-8714,1,2012-04-13T01:07:59.000+0000,
TIMOB-8665,1,2012-04-10T16:26:53.000+0000,
TIMOB-8621,1,2012-04-04T11:11:48.000+0000,
TIMOB-8610,1,2012-04-06T16:09:35.000+0000,
TIMOB-8558,1,2012-04-05T13:05:22.000+0000,
TIMOB-8549,1,2012-04-05T10:34:17.000+0000,
TIMOB-8515,1,2012-04-04T14:07:08.000+0000,
TIMOB-8513,1,2012-04-04T09:03:42.000+0000,
TIMOB-8505,1,2012-03-16T10:22:16.000+0000,
TIMOB-8492,1,2012-04-02T15:40:30.000+0000,
TIMOB-8486,1,2012-03-05T02:57:36.000+0000,
TIMOB-8484,1,2012-04-02T09:14:18.000+0000,
TIMOB-8472,1,2012-02-08T13:29:18.000+0000,
TIMOB-8470,1,2012-03-31T20:18:49.000+0000,
TIMOB-8465,1,2012-03-30T21:45:33.000+0000,
TIMOB-8459,1,2012-03-30T14:28:19.000+0000,
TIMOB-8455,1,2012-03-30T13:08:48.000+0000,
TIMOB-8439,1,2012-03-30T09:05:24.000+0000,
TIMOB-8437,1,2012-03-30T07:14:28.000+0000,
TIMOB-8431,1,2012-03-29T16:50:21.000+0000,
TIMOB-8425,1,2012-03-29T13:53:48.000+0000,
TIMOB-8418,1,2012-03-29T11:35:59.000+0000,
TIMOB-8417,1,2012-03-29T11:17:54.000+0000,
TIMOB-8414,1,2012-03-29T10:37:16.000+0000,
TIMOB-8368,1,2012-03-28T15:17:42.000+0000,
TIMOB-8362,1,2012-03-27T12:08:24.000+0000,
TIMOB-8346,1,2012-02-09T13:46:29.000+0000,
TIMOB-8342,1,2012-03-27T20:47:28.000+0000,
TIMOB-8332,1,2012-03-27T13:14:58.000+0000,
TIMOB-8326,1,2012-02-10T07:39:52.000+0000,
TIMOB-8314,1,2012-03-26T15:26:27.000+0000,
TIMOB-8308,1,2012-03-26T11:40:01.000+0000,
TIMOB-8303,1,2012-03-26T08:28:50.000+0000,
TIMOB-8301,1,2012-03-25T17:29:45.000+0000,
TIMOB-8293,1,2012-02-24T02:51:35.000+0000,
TIMOB-8243,1,2012-03-23T12:34:01.000+0000,
TIMOB-8200,1,2012-03-22T13:58:47.000+0000,
TIMOB-8185,1,2012-03-22T10:47:49.000+0000,
TIMOB-8173,1,2012-03-21T18:46:22.000+0000,
TIMOB-8172,1,2012-03-21T17:08:11.000+0000,
TIMOB-8136,1,2012-03-20T22:38:08.000+0000,
TIMOB-8127,1,2012-03-20T15:31:37.000+0000,
TIMOB-8113,1,2012-03-20T11:25:42.000+0000,
TIMOB-8100,1,2012-02-10T04:05:24.000+0000,
TIMOB-8094,1,2012-03-19T17:18:52.000+0000,
TIMOB-8077,1,2012-03-14T07:03:24.000+0000,
TIMOB-8076,1,2012-03-19T09:19:04.000+0000,
TIMOB-8066,1,2012-03-16T14:51:42.000+0000,
TIMOB-8048,1,2012-03-15T19:40:44.000+0000,
TIMOB-7948,1,2012-03-09T11:15:52.000+0000,
TIMOB-7897,1,2012-03-06T13:50:48.000+0000,
TIMOB-7865,1,2012-03-02T11:45:48.000+0000,
TIMOB-7816,1,2012-02-25T19:37:42.000+0000,
TIMOB-7661,1,2012-02-15T10:16:44.000+0000,
TIMOB-7660,1,2012-02-14T20:47:40.000+0000,
TIMOB-7659,1,2012-02-15T00:37:13.000+0000,
TIMOB-7657,1,2012-02-14T16:37:39.000+0000,
TIMOB-7644,1,2012-02-14T10:08:01.000+0000,
TIMOB-7642,1,2012-02-13T19:07:37.000+0000,
TIMOB-7627,1,2012-02-13T07:20:59.000+0000,
TIMOB-7624,1,2012-02-10T18:56:37.000+0000,
TIMOB-7616,1,2012-02-10T14:12:28.000+0000,
TIMOB-7607,1,2012-02-09T17:25:32.000+0000,
TIMOB-7605,1,2012-01-25T21:00:34.000+0000,
TIMOB-7586,1,2012-02-09T10:41:56.000+0000,
TIMOB-7584,1,2012-02-08T18:48:03.000+0000,
TIMOB-7562,1,2012-02-06T18:27:26.000+0000,
TIMOB-7555,1,2012-02-06T14:26:55.000+0000,
TIMOB-7486,1,2012-01-31T15:08:53.000+0000,
TIMOB-7467,1,2012-01-30T10:14:16.000+0000,
TIMOB-7458,1,2012-01-27T16:35:15.000+0000,
TIMOB-7424,1,2012-01-26T10:37:48.000+0000,
TIMOB-7412,1,2012-01-25T16:22:38.000+0000,
TIMOB-7391,1,2012-01-24T18:16:02.000+0000,
TIMOB-7365,1,2012-01-24T16:25:43.000+0000,
TIMOB-7334,1,2012-01-23T12:20:25.000+0000,
TIMOB-7301,1,2012-01-19T13:49:19.000+0000,
TIMOB-7259,1,2012-01-17T10:58:26.000+0000,
TIMOB-7249,1,2012-01-17T06:53:32.000+0000,
TIMOB-7246,1,2012-01-16T18:50:39.000+0000,
TIMOB-7233,1,2012-01-16T15:35:17.000+0000,
TIMOB-7152,1,2012-01-12T17:09:44.000+0000,
TIMOB-7143,1,2012-01-12T16:00:11.000+0000,
TIMOB-7124,1,2012-01-12T00:30:39.000+0000,
TIMOB-6922,1,2011-10-23T13:15:03.000+0000,
TIMOB-6860,1,2011-11-14T11:46:53.000+0000,
TIMOB-6493,1,2011-12-06T16:45:55.000+0000,
TIMOB-6463,1,2011-12-05T14:49:29.000+0000,
TIMOB-6438,1,2011-12-02T13:53:52.000+0000,
TIMOB-6423,1,2011-12-01T15:10:11.000+0000,
TIMOB-6292,1,2011-11-23T11:43:05.000+0000,
TIMOB-6038,1,2011-11-07T11:36:09.000+0000,
TIMOB-5989,1,2011-11-04T09:12:55.000+0000,
TIMOB-5837,1,2011-10-24T06:03:39.000+0000,
TIMOB-5817,1,2011-10-20T01:18:34.000+0000,
TIMOB-5799,1,2011-10-19T12:37:50.000+0000,
TIMOB-5749,1,2011-10-13T11:37:16.000+0000,
TIMOB-5303,1,2011-08-19T02:01:07.000+0000,
TIMOB-5162,1,2011-08-29T15:02:14.000+0000,
TIMOB-5010,1,2011-08-15T11:18:52.000+0000,
TIMOB-4884,1,2011-07-22T09:38:01.000+0000,
TIMOB-4800,1,2011-07-26T17:26:38.000+0000,
TIMOB-4730,1,2011-07-20T11:30:11.000+0000,
TIMOB-4644,1,2011-06-15T18:01:05.000+0000,
TIMOB-4510,1,2011-06-27T17:48:09.000+0000,
TIMOB-4274,1,2011-06-01T08:46:13.000+0000,
TIMOB-4063,1,2011-05-12T18:08:40.000+0000,
TIMOB-3594,1,2011-04-15T03:47:02.000+0000,
TIMOB-3588,1,2011-04-15T03:46:58.000+0000,
TIMOB-3569,1,2011-04-15T03:46:46.000+0000,
TIMOB-3432,1,2011-04-15T03:45:08.000+0000,
TIMOB-3186,1,2011-04-15T03:39:00.000+0000,
TIMOB-3180,1,2011-04-15T03:38:57.000+0000,
TIMOB-3162,1,2011-04-15T03:38:25.000+0000,
TIMOB-2908,1,2011-04-15T03:32:37.000+0000,
TIMOB-2801,1,2011-04-15T03:29:54.000+0000,
TIMOB-2760,1,2011-04-15T03:28:52.000+0000,
TIMOB-2733,1,2011-04-15T03:28:04.000+0000,
TIMOB-2662,1,2011-04-15T03:26:19.000+0000,
TIMOB-2527,1,2011-04-15T03:21:58.000+0000,
TIMOB-2484,1,2011-04-15T03:20:59.000+0000,
TIMOB-2209,1,2011-04-15T03:13:36.000+0000,
TIMOB-2099,1,2011-04-15T03:10:25.000+0000,
TIMOB-2017,1,2011-04-15T03:08:13.000+0000,
TIMOB-1902,1,2011-04-15T03:05:07.000+0000,
TIMOB-1872,1,2011-04-15T03:04:26.000+0000,
TIMOB-1800,1,2011-04-15T03:02:44.000+0000,
TIMOB-1097,1,2011-04-15T02:43:59.000+0000,
TIMOB-684,1,2011-04-15T02:34:22.000+0000,
TIMOB-559,1,2011-04-15T02:31:55.000+0000,
